page,path,frames,foreground_min,foreground_median,sprite_min,sprite_median,anomalies
per-unit-2026-10-04,6/dummy/idle,8,4442,4485.0,641,666.0,"[{""frame"": 0, ""category"": ""render_bug"", ""reasons"": [""rig_cut_seam""], ""intent"": null}, {""frame"": 2, ""category"": ""render_bug"", ""reasons"": [""rig_cut_seam""], ""intent"": null}, {""frame"": 4, ""category"": ""render_bug"", ""reasons"": [""rig_cut_seam""], ""intent"": null}, {""frame"": 6, ""category"": ""render_bug"", ""reasons"": [""rig_cut_seam""], ""intent"": null}]"
per-unit-2026-10-04,6/dummy/walk,4,4398,4480.5,632,657.0,"[{""frame"": 1, ""category"": ""render_bug"", ""reasons"": [""rig_cut_seam""], ""intent"": null}, {""frame"": 3, ""category"": ""render_bug"", ""reasons"": [""rig_cut_seam""], ""intent"": null}]"
per-unit-2026-10-04,6/dummy/windup,3,4464,4527,635,670,"[{""frame"": 1, ""category"": ""render_bug"", ""reasons"": [""rig_cut_seam""], ""intent"": null}]"
per-unit-2026-10-04,6/dummy/strike,5,4415,4531,643,667,"[{""frame"": 0, ""category"": ""render_bug"", ""reasons"": [""rig_cut_seam""], ""intent"": null}, {""frame"": 1, ""category"": ""render_bug"", ""reasons"": [""rig_cut_seam""], ""intent"": null}, {""frame"": 2, ""category"": ""render_bug"", ""reasons"": [""rig_cut_seam""], ""intent"": null}, {""frame"": 3, ""category"": ""render_bug"", ""reasons"": [""rig_cut_seam""], ""intent"": null}, {""frame"": 4, ""category"": ""render_bug"", ""reasons"": [""rig_cut_seam""], ""intent"": null}]"
per-unit-2026-10-04,6/dummy/hit,3,4993,5008,641,684,"[{""frame"": 1, ""category"": ""render_bug"", ""reasons"": [""rig_cut_seam""], ""intent"": null}]"
per-unit-2026-10-04,6/dummy/death,6,3640,4000.0,115,353.0,"[{""frame"": 1, ""category"": ""render_bug"", ""reasons"": [""foreground_jump"", ""rig_cut_seam""], ""intent"": ""death_pose""}, {""frame"": 2, ""category"": ""design_intent"", ""reasons"": [""sprite_jump""], ""intent"": ""authored_dissolve""}, {""frame"": 3, ""category"": ""render_bug"", ""reasons"": [""sprite_jump"", ""rig_cut_seam""], ""intent"": ""authored_dissolve""}, {""frame"": 4, ""category"": ""design_intent"", ""reasons"": [""low_sprite"", ""sprite_jump""], ""intent"": ""authored_dissolve""}, {""frame"": 5, ""category"": ""render_bug"", ""reasons"": [""low_sprite"", ""rig_cut_seam""], ""intent"": ""authored_dissolve""}]"
per-unit-2026-10-04,6/dummy/skill,9,4840,6736,635,670,"[{""frame"": 1, ""category"": ""render_bug"", ""reasons"": [""rig_cut_seam""], ""intent"": null}, {""frame"": 3, ""category"": ""render_bug"", ""reasons"": [""foreground_jump"", ""rig_cut_seam""], ""intent"": null}, {""frame"": 4, ""category"": ""render_bug"", ""reasons"": [""foreground_jump"", ""rig_cut_seam""], ""intent"": null}, {""frame"": 5, ""category"": ""render_bug"", ""reasons"": [""foreground_jump"", ""rig_cut_seam""], ""intent"": null}, {""frame"": 6, ""category"": ""render_bug"", ""reasons"": [""rig_cut_seam""], ""intent"": null}, {""frame"": 7, ""category"": ""render_bug"", ""reasons"": [""rig_cut_seam""], ""intent"": null}]"
per-unit-2026-10-04,6/melee/idle,8,4555,4611.0,641,666.0,"[{""frame"": 0, ""category"": ""render_bug"", ""reasons"": [""rig_cut_seam""], ""intent"": null}, {""frame"": 2, ""category"": ""render_bug"", ""reasons"": [""rig_cut_seam""], ""intent"": null}, {""frame"": 4, ""category"": ""render_bug"", ""reasons"": [""rig_cut_seam""], ""intent"": null}, {""frame"": 6, ""category"": ""render_bug"", ""reasons"": [""rig_cut_seam""], ""intent"": null}]"
per-unit-2026-10-04,6/melee/walk,4,4417,4491.5,632,657.0,"[{""frame"": 1, ""category"": ""render_bug"", ""reasons"": [""rig_cut_seam""], ""intent"": null}, {""frame"": 3, ""category"": ""render_bug"", ""reasons"": [""rig_cut_seam""], ""intent"": null}]"
per-unit-2026-10-04,6/melee/windup,3,4433,4452,635,670,"[{""frame"": 1, ""category"": ""render_bug"", ""reasons"": [""rig_cut_seam""], ""intent"": null}]"
per-unit-2026-10-04,6/melee/strike,5,4467,4499,643,667,"[{""frame"": 1, ""category"": ""render_bug"", ""reasons"": [""rig_cut_seam""], ""intent"": null}, {""frame"": 3, ""category"": ""render_bug"", ""reasons"": [""rig_cut_seam""], ""intent"": null}]"
per-unit-2026-10-04,6/melee/hit,3,5063,5102,641,684,"[{""frame"": 1, ""category"": ""render_bug"", ""reasons"": [""rig_cut_seam""], ""intent"": null}]"
per-unit-2026-10-04,6/melee/death,6,3818,4137.5,115,353.0,"[{""frame"": 1, ""category"": ""render_bug"", ""reasons"": [""foreground_jump"", ""rig_cut_seam""], ""intent"": ""death_pose""}, {""frame"": 2, ""category"": ""design_intent"", ""reasons"": [""sprite_jump""], ""intent"": ""authored_dissolve""}, {""frame"": 3, ""category"": ""render_bug"", ""reasons"": [""sprite_jump"", ""rig_cut_seam""], ""intent"": ""authored_dissolve""}, {""frame"": 4, ""category"": ""design_intent"", ""reasons"": [""low_sprite"", ""sprite_jump""], ""intent"": ""authored_dissolve""}, {""frame"": 5, ""category"": ""render_bug"", ""reasons"": [""low_sprite"", ""rig_cut_seam""], ""intent"": ""authored_dissolve""}]"
per-unit-2026-10-04,6/melee/skill,9,4520,6447,635,667,"[{""frame"": 1, ""category"": ""render_bug"", ""reasons"": [""rig_cut_seam""], ""intent"": null}, {""frame"": 3, ""category"": ""design_intent"", ""reasons"": [""foreground_jump""], ""intent"": ""effect_phase_transition""}, {""frame"": 4, ""category"": ""render_bug"", ""reasons"": [""foreground_jump"", ""rig_cut_seam""], ""intent"": null}, {""frame"": 5, ""category"": ""design_intent"", ""reasons"": [""foreground_jump""], ""intent"": ""effect_phase_transition""}, {""frame"": 6, ""category"": ""render_bug"", ""reasons"": [""rig_cut_seam""], ""intent"": null}]"
per-unit-2026-10-04,6/ranged/idle,8,4395,4425.5,641,666.0,"[{""frame"": 0, ""category"": ""render_bug"", ""reasons"": [""rig_cut_seam""], ""intent"": null}, {""frame"": 2, ""category"": ""render_bug"", ""reasons"": [""rig_cut_seam""], ""intent"": null}, {""frame"": 4, ""category"": ""render_bug"", ""reasons"": [""rig_cut_seam""], ""intent"": null}, {""frame"": 6, ""category"": ""render_bug"", ""reasons"": [""rig_cut_seam""], ""intent"": null}]"
per-unit-2026-10-04,6/ranged/walk,4,4331,4382.5,632,657.0,"[{""frame"": 1, ""category"": ""render_bug"", ""reasons"": [""rig_cut_seam""], ""intent"": null}, {""frame"": 3, ""category"": ""render_bug"", ""reasons"": [""rig_cut_seam""], ""intent"": null}]"
per-unit-2026-10-04,6/ranged/windup,3,4543,4577,635,670,"[{""frame"": 1, ""category"": ""render_bug"", ""reasons"": [""rig_cut_seam""], ""intent"": null}]"
per-unit-2026-10-04,6/ranged/strike,5,4564,4621,643,667,"[{""frame"": 1, ""category"": ""render_bug"", ""reasons"": [""rig_cut_seam""], ""intent"": null}, {""frame"": 3, ""category"": ""render_bug"", ""reasons"": [""rig_cut_seam""], ""intent"": null}]"
per-unit-2026-10-04,6/ranged/hit,3,5322,5425,641,647,"[{""frame"": 0, ""category"": ""render_bug"", ""reasons"": [""rig_cut_seam""], ""intent"": null}, {""frame"": 2, ""category"": ""render_bug"", ""reasons"": [""rig_cut_seam""], ""intent"": null}]"
per-unit-2026-10-04,6/ranged/death,6,3937,4195.5,115,353.0,"[{""frame"": 1, ""category"": ""render_bug"", ""reasons"": [""foreground_jump"", ""rig_cut_seam""], ""intent"": ""death_pose""}, {""frame"": 2, ""category"": ""design_intent"", ""reasons"": [""sprite_jump""], ""intent"": ""authored_dissolve""}, {""frame"": 3, ""category"": ""render_bug"", ""reasons"": [""sprite_jump"", ""rig_cut_seam""], ""intent"": ""authored_dissolve""}, {""frame"": 4, ""category"": ""design_intent"", ""reasons"": [""low_sprite"", ""sprite_jump""], ""intent"": ""authored_dissolve""}, {""frame"": 5, ""category"": ""render_bug"", ""reasons"": [""low_sprite"", ""rig_cut_seam""], ""intent"": ""authored_dissolve""}]"
per-unit-2026-10-04,6/ranged/skill,9,6175,10021,626,662,"[{""frame"": 1, ""category"": ""render_bug"", ""reasons"": [""rig_cut_seam""], ""intent"": null}, {""frame"": 3, ""category"": ""design_intent"", ""reasons"": [""foreground_jump""], ""intent"": ""effect_phase_transition""}, {""frame"": 4, ""category"": ""render_bug"", ""reasons"": [""foreground_jump"", ""rig_cut_seam""], ""intent"": null}, {""frame"": 5, ""category"": ""design_intent"", ""reasons"": [""foreground_jump""], ""intent"": ""effect_phase_transition""}, {""frame"": 6, ""category"": ""render_bug"", ""reasons"": [""rig_cut_seam""], ""intent"": null}, {""frame"": 8, ""category"": ""render_bug"", ""reasons"": [""foreground_jump"", ""rig_cut_seam""], ""intent"": null}]"
per-unit-2026-10-04,65/dummy/idle,8,4324,4410.5,528,540.0,"[{""frame"": 0, ""category"": ""render_bug"", ""reasons"": [""rig_cut_seam""], ""intent"": null}, {""frame"": 1, ""category"": ""render_bug"", ""reasons"": [""rig_cut_seam""], ""intent"": null}, {""frame"": 2, ""category"": ""render_bug"", ""reasons"": [""rig_cut_seam""], ""intent"": null}, {""frame"": 4, ""category"": ""render_bug"", ""reasons"": [""rig_cut_seam""], ""intent"": null}, {""frame"": 5, ""category"": ""render_bug"", ""reasons"": [""rig_cut_seam""], ""intent"": null}, {""frame"": 6, ""category"": ""render_bug"", ""reasons"": [""rig_cut_seam""], ""intent"": null}]"
per-unit-2026-10-04,65/dummy/walk,4,4282,4398.0,519,540.0,"[{""frame"": 1, ""category"": ""render_bug"", ""reasons"": [""rig_cut_seam""], ""intent"": null}, {""frame"": 2, ""category"": ""render_bug"", ""reasons"": [""rig_cut_seam""], ""intent"": null}, {""frame"": 3, ""category"": ""render_bug"", ""reasons"": [""rig_cut_seam""], ""intent"": null}]"
per-unit-2026-10-04,65/dummy/windup,4,4382,4396.0,518,538.0,"[{""frame"": 1, ""category"": ""render_bug"", ""reasons"": [""rig_cut_seam""], ""intent"": null}, {""frame"": 2, ""category"": ""render_bug"", ""reasons"": [""rig_cut_seam""], ""intent"": null}, {""frame"": 3, ""category"": ""render_bug"", ""reasons"": [""rig_cut_seam""], ""intent"": null}]"
per-unit-2026-10-04,65/dummy/strike,5,4331,4398,528,539,"[{""frame"": 1, ""category"": ""render_bug"", ""reasons"": [""rig_cut_seam""], ""intent"": null}, {""frame"": 3, ""category"": ""render_bug"", ""reasons"": [""rig_cut_seam""], ""intent"": null}, {""frame"": 4, ""category"": ""render_bug"", ""reasons"": [""rig_cut_seam""], ""intent"": null}]"
per-unit-2026-10-04,65/dummy/hit,3,4861,4883,521,535,"[{""frame"": 0, ""category"": ""render_bug"", ""reasons"": [""rig_cut_seam""], ""intent"": null}, {""frame"": 1, ""category"": ""render_bug"", ""reasons"": [""rig_cut_seam""], ""intent"": null}]"
per-unit-2026-10-04,65/dummy/death,6,3614,3934.0,83,289.0,"[{""frame"": 1, ""category"": ""render_bug"", ""reasons"": [""foreground_jump"", ""sprite_jump"", ""rig_cut_seam""], ""intent"": ""authored_dissolve""}, {""frame"": 2, ""category"": ""render_bug"", ""reasons"": [""rig_cut_seam""], ""intent"": ""authored_dissolve""}, {""frame"": 3, ""category"": ""render_bug"", ""reasons"": [""sprite_jump"", ""rig_cut_seam""], ""intent"": ""authored_dissolve""}, {""frame"": 4, ""category"": ""design_intent"", ""reasons"": [""low_sprite"", ""sprite_jump""], ""intent"": ""authored_dissolve""}, {""frame"": 5, ""category"": ""render_bug"", ""reasons"": [""low_sprite"", ""rig_cut_seam""], ""intent"": ""authored_dissolve""}]"
per-unit-2026-10-04,65/dummy/skill,10,4804,5769.0,518,538.0,"[{""frame"": 1, ""category"": ""render_bug"", ""reasons"": [""rig_cut_seam""], ""intent"": null}, {""frame"": 2, ""category"": ""render_bug"", ""reasons"": [""rig_cut_seam""], ""intent"": null}, {""frame"": 3, ""category"": ""render_bug"", ""reasons"": [""rig_cut_seam""], ""intent"": null}, {""frame"": 4, ""category"": ""design_intent"", ""reasons"": [""foreground_jump""], ""intent"": ""effect_phase_transition""}, {""frame"": 5, ""category"": ""render_bug"", ""reasons"": [""foreground_jump"", ""rig_cut_seam""], ""intent"": null}, {""frame"": 6, ""category"": ""design_intent"", ""reasons"": [""foreground_jump""], ""intent"": ""effect_phase_transition""}, {""frame"": 7, ""category"": ""render_bug"", ""reasons"": [""rig_cut_seam""], ""intent"": null}, {""frame"": 8, ""category"": ""render_bug"", ""reasons"": [""rig_cut_seam""], ""intent"": null}, {""frame"": 9, ""category"": ""render_bug"", ""reasons"": [""rig_cut_seam""], ""intent"": null}]"
per-unit-2026-10-04,65/melee/idle,8,4445,4481.0,528,540.0,"[{""frame"": 0, ""category"": ""render_bug"", ""reasons"": [""rig_cut_seam""], ""intent"": null}, {""frame"": 1, ""category"": ""render_bug"", ""reasons"": [""rig_cut_seam""], ""intent"": null}, {""frame"": 2, ""category"": ""render_bug"", ""reasons"": [""rig_cut_seam""], ""intent"": null}, {""frame"": 4, ""category"": ""render_bug"", ""reasons"": [""rig_cut_seam""], ""intent"": null}, {""frame"": 5, ""category"": ""render_bug"", ""reasons"": [""rig_cut_seam""], ""intent"": null}, {""frame"": 6, ""category"": ""render_bug"", ""reasons"": [""rig_cut_seam""], ""intent"": null}]"
per-unit-2026-10-04,65/melee/walk,4,4314,4402.5,519,540.0,"[{""frame"": 1, ""category"": ""render_bug"", ""reasons"": [""rig_cut_seam""], ""intent"": null}, {""frame"": 2, ""category"": ""render_bug"", ""reasons"": [""rig_cut_seam""], ""intent"": null}, {""frame"": 3, ""category"": ""render_bug"", ""reasons"": [""rig_cut_seam""], ""intent"": null}]"
per-unit-2026-10-04,65/melee/windup,4,4351,4406.5,518,538.0,"[{""frame"": 1, ""category"": ""render_bug"", ""reasons"": [""rig_cut_seam""], ""intent"": null}, {""frame"": 2, ""category"": ""render_bug"", ""reasons"": [""rig_cut_seam""], ""intent"": null}, {""frame"": 3, ""category"": ""render_bug"", ""reasons"": [""rig_cut_seam""], ""intent"": null}]"
per-unit-2026-10-04,65/melee/strike,5,4255,4390,528,539,"[{""frame"": 1, ""category"": ""render_bug"", ""reasons"": [""rig_cut_seam""], ""intent"": null}, {""frame"": 3, ""category"": ""render_bug"", ""reasons"": [""rig_cut_seam""], ""intent"": null}, {""frame"": 4, ""category"": ""render_bug"", ""reasons"": [""rig_cut_seam""], ""intent"": null}]"
per-unit-2026-10-04,65/melee/hit,3,4829,4984,521,535,"[{""frame"": 0, ""category"": ""render_bug"", ""reasons"": [""rig_cut_seam""], ""intent"": null}, {""frame"": 1, ""category"": ""render_bug"", ""reasons"": [""rig_cut_seam""], ""intent"": null}]"
per-unit-2026-10-04,65/melee/death,6,3635,3914.0,83,289.0,"[{""frame"": 1, ""category"": ""render_bug"", ""reasons"": [""foreground_jump"", ""sprite_jump"", ""rig_cut_seam""], ""intent"": ""authored_dissolve""}, {""frame"": 2, ""category"": ""render_bug"", ""reasons"": [""rig_cut_seam""], ""intent"": ""authored_dissolve""}, {""frame"": 3, ""category"": ""design_intent"", ""reasons"": [""sprite_jump""], ""intent"": ""authored_dissolve""}, {""frame"": 4, ""category"": ""design_intent"", ""reasons"": [""low_sprite"", ""sprite_jump""], ""intent"": ""authored_dissolve""}, {""frame"": 5, ""category"": ""render_bug"", ""reasons"": [""low_sprite"", ""rig_cut_seam""], ""intent"": ""authored_dissolve""}]"
per-unit-2026-10-04,65/melee/skill,10,5110,6326.5,518,538.0,"[{""frame"": 1, ""category"": ""render_bug"", ""reasons"": [""rig_cut_seam""], ""intent"": null}, {""frame"": 2, ""category"": ""render_bug"", ""reasons"": [""rig_cut_seam""], ""intent"": null}, {""frame"": 3, ""category"": ""render_bug"", ""reasons"": [""rig_cut_seam""], ""intent"": null}, {""frame"": 4, ""category"": ""design_intent"", ""reasons"": [""foreground_jump""], ""intent"": ""effect_phase_transition""}, {""frame"": 5, ""category"": ""render_bug"", ""reasons"": [""foreground_jump"", ""rig_cut_seam""], ""intent"": null}, {""frame"": 6, ""category"": ""design_intent"", ""reasons"": [""foreground_jump""], ""intent"": ""effect_phase_transition""}, {""frame"": 8, ""category"": ""render_bug"", ""reasons"": [""rig_cut_seam""], ""intent"": null}, {""frame"": 9, ""category"": ""render_bug"", ""reasons"": [""rig_cut_seam""], ""intent"": null}]"
per-unit-2026-10-04,65/ranged/idle,8,4297,4321.0,528,540.0,"[{""frame"": 0, ""category"": ""render_bug"", ""reasons"": [""rig_cut_seam""], ""intent"": null}, {""frame"": 1, ""category"": ""render_bug"", ""reasons"": [""rig_cut_seam""], ""intent"": null}, {""frame"": 2, ""category"": ""render_bug"", ""reasons"": [""rig_cut_seam""], ""intent"": null}, {""frame"": 4, ""category"": ""render_bug"", ""reasons"": [""rig_cut_seam""], ""intent"": null}, {""frame"": 5, ""category"": ""render_bug"", ""reasons"": [""rig_cut_seam""], ""intent"": null}, {""frame"": 6, ""category"": ""render_bug"", ""reasons"": [""rig_cut_seam""], ""intent"": null}]"
per-unit-2026-10-04,65/ranged/walk,4,4243,4286.0,519,540.0,"[{""frame"": 1, ""category"": ""render_bug"", ""reasons"": [""rig_cut_seam""], ""intent"": null}, {""frame"": 2, ""category"": ""render_bug"", ""reasons"": [""rig_cut_seam""], ""intent"": null}, {""frame"": 3, ""category"": ""render_bug"", ""reasons"": [""rig_cut_seam""], ""intent"": null}]"
per-unit-2026-10-04,65/ranged/windup,4,4449,4470.0,518,538.0,"[{""frame"": 1, ""category"": ""render_bug"", ""reasons"": [""rig_cut_seam""], ""intent"": null}, {""frame"": 2, ""category"": ""render_bug"", ""reasons"": [""rig_cut_seam""], ""intent"": null}, {""frame"": 3, ""category"": ""render_bug"", ""reasons"": [""rig_cut_seam""], ""intent"": null}]"
per-unit-2026-10-04,65/ranged/strike,5,4500,4507,528,539,"[{""frame"": 1, ""category"": ""render_bug"", ""reasons"": [""rig_cut_seam""], ""intent"": null}, {""frame"": 3, ""category"": ""render_bug"", ""reasons"": [""rig_cut_seam""], ""intent"": null}, {""frame"": 4, ""category"": ""render_bug"", ""reasons"": [""rig_cut_seam""], ""intent"": null}]"
per-unit-2026-10-04,65/ranged/hit,3,5274,5327,532,539,"[{""frame"": 0, ""category"": ""render_bug"", ""reasons"": [""rig_cut_seam""], ""intent"": null}, {""frame"": 2, ""category"": ""render_bug"", ""reasons"": [""rig_cut_seam""], ""intent"": null}]"
per-unit-2026-10-04,65/ranged/death,6,3909,4129.5,83,289.0,"[{""frame"": 1, ""category"": ""render_bug"", ""reasons"": [""foreground_jump"", ""sprite_jump"", ""rig_cut_seam""], ""intent"": ""authored_dissolve""}, {""frame"": 2, ""category"": ""render_bug"", ""reasons"": [""rig_cut_seam""], ""intent"": ""authored_dissolve""}, {""frame"": 3, ""category"": ""design_intent"", ""reasons"": [""sprite_jump""], ""intent"": ""authored_dissolve""}, {""frame"": 4, ""category"": ""design_intent"", ""reasons"": [""low_sprite"", ""sprite_jump""], ""intent"": ""authored_dissolve""}, {""frame"": 5, ""category"": ""render_bug"", ""reasons"": [""low_sprite"", ""rig_cut_seam""], ""intent"": ""authored_dissolve""}]"
per-unit-2026-10-04,65/ranged/skill,10,5742,7262.5,0,162.5,"[{""frame"": 1, ""category"": ""design_intent"", ""reasons"": [""foreground_jump""], ""intent"": ""death_pose""}, {""frame"": 2, ""category"": ""render_bug"", ""reasons"": [""foreground_jump"", ""sprite_jump"", ""rig_cut_seam""], ""intent"": ""authored_dissolve""}, {""frame"": 3, ""category"": ""render_bug"", ""reasons"": [""rig_cut_seam""], ""intent"": ""authored_dissolve""}, {""frame"": 4, ""category"": ""design_intent"", ""reasons"": [""foreground_jump"", ""sprite_jump""], ""intent"": ""authored_dissolve""}, {""frame"": 5, ""category"": ""design_intent"", ""reasons"": [""sprite_jump""], ""intent"": ""authored_dissolve""}, {""frame"": 6, ""category"": ""render_bug"", ""reasons"": [""foreground_jump"", ""rig_cut_seam""], ""intent"": ""authored_dissolve""}, {""frame"": 7, ""category"": ""design_intent"", ""reasons"": [""foreground_jump"", ""low_sprite"", ""sprite_jump""], ""intent"": ""death_removed""}, {""frame"": 8, ""category"": ""design_intent"", ""reasons"": [""low_sprite""], ""intent"": ""death_removed""}, {""frame"": 9, ""category"": ""design_intent"", ""reasons"": [""low_sprite""], ""intent"": ""death_removed""}]"
per-unit-2026-10-04,143/dummy/idle,16,4354,4500.0,616,660.5,"[{""frame"": 0, ""category"": ""render_bug"", ""reasons"": [""rig_cut_seam""], ""intent"": null}, {""frame"": 1, ""category"": ""render_bug"", ""reasons"": [""rig_cut_seam""], ""intent"": null}, {""frame"": 2, ""category"": ""render_bug"", ""reasons"": [""rig_cut_seam""], ""intent"": null}, {""frame"": 3, ""category"": ""render_bug"", ""reasons"": [""rig_cut_seam""], ""intent"": null}, {""frame"": 4, ""category"": ""render_bug"", ""reasons"": [""rig_cut_seam""], ""intent"": null}, {""frame"": 6, ""category"": ""render_bug"", ""reasons"": [""rig_cut_seam""], ""intent"": null}, {""frame"": 8, ""category"": ""render_bug"", ""reasons"": [""rig_cut_seam""], ""intent"": null}, {""frame"": 10, ""category"": ""render_bug"", ""reasons"": [""rig_cut_seam""], ""intent"": null}, {""frame"": 12, ""category"": ""render_bug"", ""reasons"": [""rig_cut_seam""], ""intent"": null}, {""frame"": 14, ""category"": ""render_bug"", ""reasons"": [""rig_cut_seam""], ""intent"": null}, {""frame"": 15, ""category"": ""render_bug"", ""reasons"": [""rig_cut_seam""], ""intent"": null}]"
per-unit-2026-10-04,143/dummy/walk,5,4405,4524,619,627,"[{""frame"": 1, ""category"": ""render_bug"", ""reasons"": [""rig_cut_seam""], ""intent"": null}, {""frame"": 3, ""category"": ""render_bug"", ""reasons"": [""rig_cut_seam""], ""intent"": null}, {""frame"": 4, ""category"": ""render_bug"", ""reasons"": [""rig_cut_seam""], ""intent"": null}]"
per-unit-2026-10-04,143/dummy/windup,4,4435,4516.5,621,654.0,"[{""frame"": 1, ""category"": ""render_bug"", ""reasons"": [""rig_cut_seam""], ""intent"": null}, {""frame"": 3, ""category"": ""render_bug"", ""reasons"": [""rig_cut_seam""], ""intent"": null}]"
per-unit-2026-10-04,143/dummy/strike,6,4600,4711.5,593,631.5,"[{""frame"": 1, ""category"": ""render_bug"", ""reasons"": [""rig_cut_seam""], ""intent"": null}, {""frame"": 3, ""category"": ""render_bug"", ""reasons"": [""rig_cut_seam""], ""intent"": null}, {""frame"": 5, ""category"": ""render_bug"", ""reasons"": [""rig_cut_seam""], ""intent"": null}]"
per-unit-2026-10-04,143/dummy/hit,3,5107,5171,616,616,"[{""frame"": 0, ""category"": ""render_bug"", ""reasons"": [""rig_cut_seam""], ""intent"": null}, {""frame"": 1, ""category"": ""render_bug"", ""reasons"": [""rig_cut_seam""], ""intent"": null}, {""frame"": 2, ""category"": ""render_bug"", ""reasons"": [""rig_cut_seam""], ""intent"": null}]"
per-unit-2026-10-04,143/dummy/death,6,3614,4007.5,75,356.0,"[{""frame"": 1, ""category"": ""render_bug"", ""reasons"": [""foreground_jump"", ""rig_cut_seam""], ""intent"": ""death_pose""}, {""frame"": 2, ""category"": ""design_intent"", ""reasons"": [""sprite_jump""], ""intent"": ""authored_dissolve""}, {""frame"": 3, ""category"": ""render_bug"", ""reasons"": [""rig_cut_seam""], ""intent"": ""authored_dissolve""}, {""frame"": 4, ""category"": ""render_bug"", ""reasons"": [""low_sprite"", ""sprite_jump"", ""rig_cut_seam""], ""intent"": ""authored_dissolve""}, {""frame"": 5, ""category"": ""render_bug"", ""reasons"": [""low_sprite"", ""rig_cut_seam""], ""intent"": ""authored_dissolve""}]"
per-unit-2026-10-04,143/dummy/skill,10,4483,6036.5,593,642.5,"[{""frame"": 1, ""category"": ""render_bug"", ""reasons"": [""rig_cut_seam""], ""intent"": null}, {""frame"": 3, ""category"": ""render_bug"", ""reasons"": [""rig_cut_seam""], ""intent"": null}, {""frame"": 4, ""category"": ""design_intent"", ""reasons"": [""foreground_jump""], ""intent"": ""effect_phase_transition""}, {""frame"": 5, ""category"": ""render_bug"", ""reasons"": [""foreground_jump"", ""rig_cut_seam""], ""intent"": null}, {""frame"": 6, ""category"": ""design_intent"", ""reasons"": [""foreground_jump""], ""intent"": ""effect_phase_transition""}, {""frame"": 7, ""category"": ""render_bug"", ""reasons"": [""rig_cut_seam""], ""intent"": null}, {""frame"": 9, ""category"": ""render_bug"", ""reasons"": [""rig_cut_seam""], ""intent"": null}]"
per-unit-2026-10-04,143/melee/idle,16,4409,4605.0,616,660.5,"[{""frame"": 0, ""category"": ""render_bug"", ""reasons"": [""rig_cut_seam""], ""intent"": null}, {""frame"": 1, ""category"": ""render_bug"", ""reasons"": [""rig_cut_seam""], ""intent"": null}, {""frame"": 2, ""category"": ""render_bug"", ""reasons"": [""rig_cut_seam""], ""intent"": null}, {""frame"": 3, ""category"": ""render_bug"", ""reasons"": [""rig_cut_seam""], ""intent"": null}, {""frame"": 4, ""category"": ""render_bug"", ""reasons"": [""rig_cut_seam""], ""intent"": null}, {""frame"": 15, ""category"": ""render_bug"", ""reasons"": [""rig_cut_seam""], ""intent"": null}]"
per-unit-2026-10-04,143/melee/walk,5,4324,4412,619,627,"[{""frame"": 4, ""category"": ""render_bug"", ""reasons"": [""rig_cut_seam""], ""intent"": null}]"
per-unit-2026-10-04,143/melee/windup,4,4274,4374.5,621,654.0,[]
per-unit-2026-10-04,143/melee/strike,6,4608,4856.0,593,631.5,[]
per-unit-2026-10-04,143/melee/hit,3,5160,5278,633,661,[]
per-unit-2026-10-04,143/melee/death,6,3629,4080.0,75,356.0,"[{""frame"": 1, ""category"": ""design_intent"", ""reasons"": [""foreground_jump""], ""intent"": ""death_pose""}, {""frame"": 2, ""category"": ""design_intent"", ""reasons"": [""sprite_jump""], ""intent"": ""authored_dissolve""}, {""frame"": 4, ""category"": ""render_bug"", ""reasons"": [""low_sprite"", ""sprite_jump"", ""rig_cut_seam""], ""intent"": ""authored_dissolve""}, {""frame"": 5, ""category"": ""design_intent"", ""reasons"": [""low_sprite""], ""intent"": ""authored_dissolve""}]"
per-unit-2026-10-04,143/melee/skill,10,5544,13533.5,593,627.5,"[{""frame"": 0, ""category"": ""design_intent"", ""reasons"": [""low_foreground""], ""intent"": ""effect_phase_transition""}, {""frame"": 1, ""category"": ""design_intent"", ""reasons"": [""low_foreground""], ""intent"": ""effect_phase_transition""}, {""frame"": 2, ""category"": ""design_intent"", ""reasons"": [""foreground_jump""], ""intent"": ""effect_phase_transition""}, {""frame"": 3, ""category"": ""design_intent"", ""reasons"": [""foreground_jump""], ""intent"": ""effect_phase_transition""}, {""frame"": 4, ""category"": ""design_intent"", ""reasons"": [""foreground_jump""], ""intent"": ""effect_phase_transition""}, {""frame"": 5, ""category"": ""design_intent"", ""reasons"": [""foreground_jump""], ""intent"": ""effect_phase_transition""}, {""frame"": 6, ""category"": ""design_intent"", ""reasons"": [""foreground_jump""], ""intent"": ""effect_phase_transition""}, {""frame"": 7, ""category"": ""design_intent"", ""reasons"": [""foreground_jump""], ""intent"": ""effect_phase_transition""}, {""frame"": 8, ""category"": ""design_intent"", ""reasons"": [""foreground_jump""], ""intent"": ""effect_phase_transition""}]"
per-unit-2026-10-04,143/ranged/idle,16,4391,4445.0,616,660.5,"[{""frame"": 0, ""category"": ""render_bug"", ""reasons"": [""rig_cut_seam""], ""intent"": null}, {""frame"": 1, ""category"": ""render_bug"", ""reasons"": [""rig_cut_seam""], ""intent"": null}, {""frame"": 2, ""category"": ""render_bug"", ""reasons"": [""rig_cut_seam""], ""intent"": null}, {""frame"": 3, ""category"": ""render_bug"", ""reasons"": [""rig_cut_seam""], ""intent"": null}, {""frame"": 4, ""category"": ""render_bug"", ""reasons"": [""rig_cut_seam""], ""intent"": null}, {""frame"": 15, ""category"": ""render_bug"", ""reasons"": [""rig_cut_seam""], ""intent"": null}]"
per-unit-2026-10-04,143/ranged/walk,5,4312,4367,619,627,"[{""frame"": 4, ""category"": ""render_bug"", ""reasons"": [""rig_cut_seam""], ""intent"": null}]"
per-unit-2026-10-04,143/ranged/windup,4,4248,4302.5,621,654.0,[]
per-unit-2026-10-04,143/ranged/strike,6,4416,4661.5,593,631.5,[]
per-unit-2026-10-04,143/ranged/hit,3,5305,5453,633,661,[]
per-unit-2026-10-04,143/ranged/death,6,3883,4201.5,75,356.0,"[{""frame"": 1, ""category"": ""design_intent"", ""reasons"": [""foreground_jump""], ""intent"": ""death_pose""}, {""frame"": 2, ""category"": ""design_intent"", ""reasons"": [""sprite_jump""], ""intent"": ""authored_dissolve""}, {""frame"": 4, ""category"": ""render_bug"", ""reasons"": [""low_sprite"", ""sprite_jump"", ""rig_cut_seam""], ""intent"": ""authored_dissolve""}, {""frame"": 5, ""category"": ""design_intent"", ""reasons"": [""low_sprite""], ""intent"": ""authored_dissolve""}]"
per-unit-2026-10-04,143/ranged/skill,10,5494,7028.5,593,637.5,"[{""frame"": 4, ""category"": ""design_intent"", ""reasons"": [""foreground_jump""], ""intent"": ""effect_phase_transition""}, {""frame"": 5, ""category"": ""design_intent"", ""reasons"": [""foreground_jump""], ""intent"": ""effect_phase_transition""}, {""frame"": 6, ""category"": ""design_intent"", ""reasons"": [""foreground_jump""], ""intent"": ""effect_phase_transition""}]"
per-unit-2026-10-04,149/dummy/idle,8,4369,4462.0,618,623.0,"[{""frame"": 0, ""category"": ""render_bug"", ""reasons"": [""rig_cut_seam""], ""intent"": null}, {""frame"": 1, ""category"": ""render_bug"", ""reasons"": [""rig_cut_seam""], ""intent"": null}, {""frame"": 2, ""category"": ""render_bug"", ""reasons"": [""rig_cut_seam""], ""intent"": null}, {""frame"": 3, ""category"": ""render_bug"", ""reasons"": [""rig_cut_seam""], ""intent"": null}, {""frame"": 4, ""category"": ""render_bug"", ""reasons"": [""rig_cut_seam""], ""intent"": null}, {""frame"": 6, ""category"": ""render_bug"", ""reasons"": [""rig_cut_seam""], ""intent"": null}, {""frame"": 7, ""category"": ""render_bug"", ""reasons"": [""rig_cut_seam""], ""intent"": null}]"
per-unit-2026-10-04,149/dummy/walk,5,4333,4447,593,611,"[{""frame"": 0, ""category"": ""render_bug"", ""reasons"": [""rig_cut_seam""], ""intent"": null}, {""frame"": 1, ""category"": ""render_bug"", ""reasons"": [""rig_cut_seam""], ""intent"": null}, {""frame"": 2, ""category"": ""render_bug"", ""reasons"": [""rig_cut_seam""], ""intent"": null}, {""frame"": 3, ""category"": ""render_bug"", ""reasons"": [""rig_cut_seam""], ""intent"": null}, {""frame"": 4, ""category"": ""render_bug"", ""reasons"": [""rig_cut_seam""], ""intent"": null}]"
per-unit-2026-10-04,149/dummy/windup,3,4402,4423,578,601,"[{""frame"": 0, ""category"": ""render_bug"", ""reasons"": [""rig_cut_seam""], ""intent"": null}, {""frame"": 1, ""category"": ""render_bug"", ""reasons"": [""rig_cut_seam""], ""intent"": null}, {""frame"": 2, ""category"": ""render_bug"", ""reasons"": [""rig_cut_seam""], ""intent"": null}]"
per-unit-2026-10-04,149/dummy/strike,5,4570,4900,588,608,"[{""frame"": 1, ""category"": ""render_bug"", ""reasons"": [""rig_cut_seam""], ""intent"": null}, {""frame"": 3, ""category"": ""render_bug"", ""reasons"": [""rig_cut_seam""], ""intent"": null}, {""frame"": 4, ""category"": ""render_bug"", ""reasons"": [""rig_cut_seam""], ""intent"": null}]"
per-unit-2026-10-04,149/dummy/hit,3,4993,5142,613,617,"[{""frame"": 0, ""category"": ""render_bug"", ""reasons"": [""rig_cut_seam""], ""intent"": null}, {""frame"": 1, ""category"": ""render_bug"", ""reasons"": [""rig_cut_seam""], ""intent"": null}, {""frame"": 2, ""category"": ""render_bug"", ""reasons"": [""rig_cut_seam""], ""intent"": null}]"
per-unit-2026-10-04,149/dummy/death,6,3620,3981.0,94,327.5,"[{""frame"": 1, ""category"": ""render_bug"", ""reasons"": [""foreground_jump"", ""rig_cut_seam""], ""intent"": ""death_pose""}, {""frame"": 2, ""category"": ""render_bug"", ""reasons"": [""sprite_jump"", ""rig_cut_seam""], ""intent"": ""authored_dissolve""}, {""frame"": 3, ""category"": ""render_bug"", ""reasons"": [""sprite_jump"", ""rig_cut_seam""], ""intent"": ""authored_dissolve""}, {""frame"": 4, ""category"": ""design_intent"", ""reasons"": [""low_sprite"", ""sprite_jump""], ""intent"": ""authored_dissolve""}, {""frame"": 5, ""category"": ""render_bug"", ""reasons"": [""low_sprite"", ""rig_cut_seam""], ""intent"": ""authored_dissolve""}]"
per-unit-2026-10-04,149/dummy/skill,9,4601,5289,578,608,"[{""frame"": 0, ""category"": ""render_bug"", ""reasons"": [""rig_cut_seam""], ""intent"": null}, {""frame"": 1, ""category"": ""render_bug"", ""reasons"": [""rig_cut_seam""], ""intent"": null}, {""frame"": 2, ""category"": ""render_bug"", ""reasons"": [""rig_cut_seam""], ""intent"": null}, {""frame"": 3, ""category"": ""render_bug"", ""reasons"": [""foreground_jump"", ""rig_cut_seam""], ""intent"": null}, {""frame"": 4, ""category"": ""render_bug"", ""reasons"": [""foreground_jump"", ""rig_cut_seam""], ""intent"": null}, {""frame"": 5, ""category"": ""design_intent"", ""reasons"": [""foreground_jump""], ""intent"": ""effect_phase_transition""}, {""frame"": 6, ""category"": ""render_bug"", ""reasons"": [""rig_cut_seam""], ""intent"": null}, {""frame"": 7, ""category"": ""render_bug"", ""reasons"": [""rig_cut_seam""], ""intent"": null}, {""frame"": 8, ""category"": ""render_bug"", ""reasons"": [""rig_cut_seam""], ""intent"": null}]"
per-unit-2026-10-04,149/melee/idle,8,4562,4566.0,618,623.0,"[{""frame"": 1, ""category"": ""render_bug"", ""reasons"": [""rig_cut_seam""], ""intent"": null}, {""frame"": 2, ""category"": ""render_bug"", ""reasons"": [""rig_cut_seam""], ""intent"": null}, {""frame"": 3, ""category"": ""render_bug"", ""reasons"": [""rig_cut_seam""], ""intent"": null}, {""frame"": 6, ""category"": ""render_bug"", ""reasons"": [""rig_cut_seam""], ""intent"": null}, {""frame"": 7, ""category"": ""render_bug"", ""reasons"": [""rig_cut_seam""], ""intent"": null}]"
per-unit-2026-10-04,149/melee/walk,5,4347,4446,593,611,"[{""frame"": 1, ""category"": ""render_bug"", ""reasons"": [""rig_cut_seam""], ""intent"": null}, {""frame"": 2, ""category"": ""render_bug"", ""reasons"": [""rig_cut_seam""], ""intent"": null}, {""frame"": 3, ""category"": ""render_bug"", ""reasons"": [""rig_cut_seam""], ""intent"": null}]"
per-unit-2026-10-04,149/melee/windup,3,4273,4288,578,601,"[{""frame"": 1, ""category"": ""render_bug"", ""reasons"": [""rig_cut_seam""], ""intent"": null}, {""frame"": 2, ""category"": ""render_bug"", ""reasons"": [""rig_cut_seam""], ""intent"": null}]"
per-unit-2026-10-04,149/melee/strike,5,4538,5106,588,608,"[{""frame"": 1, ""category"": ""render_bug"", ""reasons"": [""rig_cut_seam""], ""intent"": null}, {""frame"": 3, ""category"": ""render_bug"", ""reasons"": [""rig_cut_seam""], ""intent"": null}, {""frame"": 4, ""category"": ""render_bug"", ""reasons"": [""rig_cut_seam""], ""intent"": null}]"
per-unit-2026-10-04,149/melee/hit,3,5154,5228,613,622,"[{""frame"": 1, ""category"": ""render_bug"", ""reasons"": [""rig_cut_seam""], ""intent"": null}, {""frame"": 2, ""category"": ""render_bug"", ""reasons"": [""rig_cut_seam""], ""intent"": null}]"
per-unit-2026-10-04,149/melee/death,6,3664,4055.0,94,327.5,"[{""frame"": 1, ""category"": ""render_bug"", ""reasons"": [""foreground_jump"", ""rig_cut_seam""], ""intent"": ""death_pose""}, {""frame"": 2, ""category"": ""render_bug"", ""reasons"": [""sprite_jump"", ""rig_cut_seam""], ""intent"": ""authored_dissolve""}, {""frame"": 3, ""category"": ""render_bug"", ""reasons"": [""sprite_jump"", ""rig_cut_seam""], ""intent"": ""authored_dissolve""}, {""frame"": 4, ""category"": ""design_intent"", ""reasons"": [""low_sprite"", ""sprite_jump""], ""intent"": ""authored_dissolve""}, {""frame"": 5, ""category"": ""render_bug"", ""reasons"": [""low_sprite"", ""rig_cut_seam""], ""intent"": ""authored_dissolve""}]"
per-unit-2026-10-04,149/melee/skill,9,5686,6609,578,613,"[{""frame"": 1, ""category"": ""render_bug"", ""reasons"": [""rig_cut_seam""], ""intent"": null}, {""frame"": 2, ""category"": ""render_bug"", ""reasons"": [""rig_cut_seam""], ""intent"": null}, {""frame"": 3, ""category"": ""design_intent"", ""reasons"": [""foreground_jump""], ""intent"": ""effect_phase_transition""}, {""frame"": 4, ""category"": ""render_bug"", ""reasons"": [""foreground_jump"", ""rig_cut_seam""], ""intent"": null}, {""frame"": 5, ""category"": ""design_intent"", ""reasons"": [""foreground_jump""], ""intent"": ""effect_phase_transition""}, {""frame"": 6, ""category"": ""render_bug"", ""reasons"": [""rig_cut_seam""], ""intent"": null}, {""frame"": 7, ""category"": ""render_bug"", ""reasons"": [""rig_cut_seam""], ""intent"": null}]"
per-unit-2026-10-04,149/ranged/idle,8,4398,4411.5,618,623.0,"[{""frame"": 1, ""category"": ""render_bug"", ""reasons"": [""rig_cut_seam""], ""intent"": null}, {""frame"": 2, ""category"": ""render_bug"", ""reasons"": [""rig_cut_seam""], ""intent"": null}, {""frame"": 3, ""category"": ""render_bug"", ""reasons"": [""rig_cut_seam""], ""intent"": null}, {""frame"": 6, ""category"": ""render_bug"", ""reasons"": [""rig_cut_seam""], ""intent"": null}, {""frame"": 7, ""category"": ""render_bug"", ""reasons"": [""rig_cut_seam""], ""intent"": null}]"
per-unit-2026-10-04,149/ranged/walk,5,4294,4353,593,611,"[{""frame"": 1, ""category"": ""render_bug"", ""reasons"": [""rig_cut_seam""], ""intent"": null}, {""frame"": 2, ""category"": ""render_bug"", ""reasons"": [""rig_cut_seam""], ""intent"": null}, {""frame"": 3, ""category"": ""render_bug"", ""reasons"": [""rig_cut_seam""], ""intent"": null}]"
per-unit-2026-10-04,149/ranged/windup,3,4233,4247,578,601,"[{""frame"": 1, ""category"": ""render_bug"", ""reasons"": [""rig_cut_seam""], ""intent"": null}, {""frame"": 2, ""category"": ""render_bug"", ""reasons"": [""rig_cut_seam""], ""intent"": null}]"
per-unit-2026-10-04,149/ranged/strike,5,4385,4873,588,608,"[{""frame"": 1, ""category"": ""render_bug"", ""reasons"": [""rig_cut_seam""], ""intent"": null}, {""frame"": 3, ""category"": ""render_bug"", ""reasons"": [""rig_cut_seam""], ""intent"": null}, {""frame"": 4, ""category"": ""render_bug"", ""reasons"": [""rig_cut_seam""], ""intent"": null}]"
per-unit-2026-10-04,149/ranged/hit,3,5334,5460,613,617,"[{""frame"": 0, ""category"": ""render_bug"", ""reasons"": [""rig_cut_seam""], ""intent"": null}, {""frame"": 1, ""category"": ""render_bug"", ""reasons"": [""rig_cut_seam""], ""intent"": null}, {""frame"": 2, ""category"": ""render_bug"", ""reasons"": [""rig_cut_seam""], ""intent"": null}]"
per-unit-2026-10-04,149/ranged/death,6,3917,4176.5,94,327.5,"[{""frame"": 1, ""category"": ""render_bug"", ""reasons"": [""foreground_jump"", ""rig_cut_seam""], ""intent"": ""death_pose""}, {""frame"": 2, ""category"": ""render_bug"", ""reasons"": [""sprite_jump"", ""rig_cut_seam""], ""intent"": ""authored_dissolve""}, {""frame"": 3, ""category"": ""render_bug"", ""reasons"": [""sprite_jump"", ""rig_cut_seam""], ""intent"": ""authored_dissolve""}, {""frame"": 4, ""category"": ""design_intent"", ""reasons"": [""low_sprite"", ""sprite_jump""], ""intent"": ""authored_dissolve""}, {""frame"": 5, ""category"": ""render_bug"", ""reasons"": [""low_sprite"", ""rig_cut_seam""], ""intent"": ""authored_dissolve""}]"
per-unit-2026-10-04,149/ranged/skill,9,7853,14424,578,616,"[{""frame"": 1, ""category"": ""render_bug"", ""reasons"": [""foreground_jump"", ""rig_cut_seam""], ""intent"": null}, {""frame"": 2, ""category"": ""render_bug"", ""reasons"": [""foreground_jump"", ""rig_cut_seam""], ""intent"": null}, {""frame"": 3, ""category"": ""design_intent"", ""reasons"": [""foreground_jump""], ""intent"": ""effect_phase_transition""}, {""frame"": 4, ""category"": ""render_bug"", ""reasons"": [""foreground_jump"", ""rig_cut_seam""], ""intent"": null}, {""frame"": 5, ""category"": ""design_intent"", ""reasons"": [""foreground_jump""], ""intent"": ""effect_phase_transition""}, {""frame"": 6, ""category"": ""render_bug"", ""reasons"": [""foreground_jump"", ""rig_cut_seam""], ""intent"": null}, {""frame"": 7, ""category"": ""render_bug"", ""reasons"": [""foreground_jump"", ""rig_cut_seam""], ""intent"": null}, {""frame"": 8, ""category"": ""render_bug"", ""reasons"": [""rig_cut_seam""], ""intent"": null}]"
per-unit-2026-10-04,9/dummy/idle,8,4467,4585.0,671,704.0,"[{""frame"": 0, ""category"": ""render_bug"", ""reasons"": [""rig_cut_seam""], ""intent"": null}, {""frame"": 2, ""category"": ""render_bug"", ""reasons"": [""rig_cut_seam""], ""intent"": null}, {""frame"": 3, ""category"": ""render_bug"", ""reasons"": [""rig_cut_seam""], ""intent"": null}, {""frame"": 4, ""category"": ""render_bug"", ""reasons"": [""rig_cut_seam""], ""intent"": null}, {""frame"": 6, ""category"": ""render_bug"", ""reasons"": [""rig_cut_seam""], ""intent"": null}]"
per-unit-2026-10-04,9/dummy/walk,4,4426,4553.0,688,700.0,"[{""frame"": 1, ""category"": ""render_bug"", ""reasons"": [""rig_cut_seam""], ""intent"": null}, {""frame"": 2, ""category"": ""render_bug"", ""reasons"": [""rig_cut_seam""], ""intent"": null}, {""frame"": 3, ""category"": ""render_bug"", ""reasons"": [""rig_cut_seam""], ""intent"": null}]"
per-unit-2026-10-04,9/dummy/windup,3,4549,4560,694,697,"[{""frame"": 1, ""category"": ""render_bug"", ""reasons"": [""rig_cut_seam""], ""intent"": null}, {""frame"": 2, ""category"": ""render_bug"", ""reasons"": [""rig_cut_seam""], ""intent"": null}]"
per-unit-2026-10-04,9/dummy/strike,5,4480,4537,676,697,"[{""frame"": 0, ""category"": ""render_bug"", ""reasons"": [""rig_cut_seam""], ""intent"": null}, {""frame"": 1, ""category"": ""render_bug"", ""reasons"": [""rig_cut_seam""], ""intent"": null}, {""frame"": 2, ""category"": ""render_bug"", ""reasons"": [""rig_cut_seam""], ""intent"": null}, {""frame"": 3, ""category"": ""render_bug"", ""reasons"": [""rig_cut_seam""], ""intent"": null}, {""frame"": 4, ""category"": ""render_bug"", ""reasons"": [""rig_cut_seam""], ""intent"": null}]"
per-unit-2026-10-04,9/dummy/hit,3,5058,5085,671,704,"[{""frame"": 1, ""category"": ""render_bug"", ""reasons"": [""rig_cut_seam""], ""intent"": null}, {""frame"": 2, ""category"": ""render_bug"", ""reasons"": [""rig_cut_seam""], ""intent"": null}]"
per-unit-2026-10-04,9/dummy/death,6,3630,3992.5,100,338.0,"[{""frame"": 1, ""category"": ""render_bug"", ""reasons"": [""foreground_jump"", ""rig_cut_seam""], ""intent"": ""death_pose""}, {""frame"": 2, ""category"": ""render_bug"", ""reasons"": [""sprite_jump"", ""rig_cut_seam""], ""intent"": ""authored_dissolve""}, {""frame"": 3, ""category"": ""render_bug"", ""reasons"": [""sprite_jump"", ""rig_cut_seam""], ""intent"": ""authored_dissolve""}, {""frame"": 4, ""category"": ""design_intent"", ""reasons"": [""low_sprite"", ""sprite_jump""], ""intent"": ""authored_dissolve""}, {""frame"": 5, ""category"": ""render_bug"", ""reasons"": [""low_sprite"", ""rig_cut_seam""], ""intent"": ""authored_dissolve""}]"
per-unit-2026-10-04,9/dummy/skill,9,4763,6172,676,697,"[{""frame"": 1, ""category"": ""render_bug"", ""reasons"": [""rig_cut_seam""], ""intent"": null}, {""frame"": 2, ""category"": ""render_bug"", ""reasons"": [""rig_cut_seam""], ""intent"": null}, {""frame"": 3, ""category"": ""render_bug"", ""reasons"": [""foreground_jump"", ""rig_cut_seam""], ""intent"": null}, {""frame"": 4, ""category"": ""render_bug"", ""reasons"": [""rig_cut_seam""], ""intent"": null}, {""frame"": 5, ""category"": ""render_bug"", ""reasons"": [""foreground_jump"", ""rig_cut_seam""], ""intent"": null}, {""frame"": 6, ""category"": ""render_bug"", ""reasons"": [""rig_cut_seam""], ""intent"": null}, {""frame"": 7, ""category"": ""render_bug"", ""reasons"": [""rig_cut_seam""], ""intent"": null}]"
per-unit-2026-10-04,9/melee/idle,8,4655,4658.5,671,704.0,"[{""frame"": 0, ""category"": ""render_bug"", ""reasons"": [""rig_cut_seam""], ""intent"": null}, {""frame"": 2, ""category"": ""render_bug"", ""reasons"": [""rig_cut_seam""], ""intent"": null}, {""frame"": 3, ""category"": ""render_bug"", ""reasons"": [""rig_cut_seam""], ""intent"": null}, {""frame"": 6, ""category"": ""render_bug"", ""reasons"": [""rig_cut_seam""], ""intent"": null}]"
per-unit-2026-10-04,9/melee/walk,4,4450,4561.5,688,700.0,"[{""frame"": 1, ""category"": ""render_bug"", ""reasons"": [""rig_cut_seam""], ""intent"": null}, {""frame"": 2, ""category"": ""render_bug"", ""reasons"": [""rig_cut_seam""], ""intent"": null}]"
per-unit-2026-10-04,9/melee/windup,3,4485,4518,694,697,"[{""frame"": 1, ""category"": ""render_bug"", ""reasons"": [""rig_cut_seam""], ""intent"": null}, {""frame"": 2, ""category"": ""render_bug"", ""reasons"": [""rig_cut_seam""], ""intent"": null}]"
per-unit-2026-10-04,9/melee/strike,5,4522,4535,676,697,"[{""frame"": 1, ""category"": ""render_bug"", ""reasons"": [""rig_cut_seam""], ""intent"": null}, {""frame"": 3, ""category"": ""render_bug"", ""reasons"": [""rig_cut_seam""], ""intent"": null}, {""frame"": 4, ""category"": ""render_bug"", ""reasons"": [""rig_cut_seam""], ""intent"": null}]"
per-unit-2026-10-04,9/melee/hit,3,4908,4924,671,698,"[{""frame"": 0, ""category"": ""render_bug"", ""reasons"": [""rig_cut_seam""], ""intent"": null}]"
per-unit-2026-10-04,9/melee/death,6,3499,3896.0,100,338.0,"[{""frame"": 1, ""category"": ""render_bug"", ""reasons"": [""foreground_jump"", ""rig_cut_seam""], ""intent"": ""death_pose""}, {""frame"": 2, ""category"": ""render_bug"", ""reasons"": [""sprite_jump"", ""rig_cut_seam""], ""intent"": ""authored_dissolve""}, {""frame"": 3, ""category"": ""design_intent"", ""reasons"": [""sprite_jump""], ""intent"": ""authored_dissolve""}, {""frame"": 4, ""category"": ""design_intent"", ""reasons"": [""low_sprite"", ""sprite_jump""], ""intent"": ""authored_dissolve""}, {""frame"": 5, ""category"": ""design_intent"", ""reasons"": [""low_sprite""], ""intent"": ""authored_dissolve""}]"
per-unit-2026-10-04,9/melee/skill,9,4959,5764,676,697,"[{""frame"": 1, ""category"": ""render_bug"", ""reasons"": [""rig_cut_seam""], ""intent"": null}, {""frame"": 2, ""category"": ""render_bug"", ""reasons"": [""rig_cut_seam""], ""intent"": null}, {""frame"": 3, ""category"": ""design_intent"", ""reasons"": [""foreground_jump""], ""intent"": ""effect_phase_transition""}, {""frame"": 4, ""category"": ""render_bug"", ""reasons"": [""foreground_jump"", ""rig_cut_seam""], ""intent"": null}, {""frame"": 5, ""category"": ""design_intent"", ""reasons"": [""foreground_jump""], ""intent"": ""effect_phase_transition""}, {""frame"": 6, ""category"": ""render_bug"", ""reasons"": [""rig_cut_seam""], ""intent"": null}, {""frame"": 7, ""category"": ""render_bug"", ""reasons"": [""rig_cut_seam""], ""intent"": null}]"
per-unit-2026-10-04,9/ranged/idle,8,4462,4498.5,671,704.0,"[{""frame"": 0, ""category"": ""render_bug"", ""reasons"": [""rig_cut_seam""], ""intent"": null}, {""frame"": 2, ""category"": ""render_bug"", ""reasons"": [""rig_cut_seam""], ""intent"": null}, {""frame"": 3, ""category"": ""render_bug"", ""reasons"": [""rig_cut_seam""], ""intent"": null}, {""frame"": 6, ""category"": ""render_bug"", ""reasons"": [""rig_cut_seam""], ""intent"": null}]"
per-unit-2026-10-04,9/ranged/walk,4,4387,4441.0,688,700.0,"[{""frame"": 1, ""category"": ""render_bug"", ""reasons"": [""rig_cut_seam""], ""intent"": null}, {""frame"": 2, ""category"": ""render_bug"", ""reasons"": [""rig_cut_seam""], ""intent"": null}]"
per-unit-2026-10-04,9/ranged/windup,3,4610,4617,694,697,"[{""frame"": 1, ""category"": ""render_bug"", ""reasons"": [""rig_cut_seam""], ""intent"": null}, {""frame"": 2, ""category"": ""render_bug"", ""reasons"": [""rig_cut_seam""], ""intent"": null}]"
per-unit-2026-10-04,9/ranged/strike,5,4627,4649,676,697,"[{""frame"": 1, ""category"": ""render_bug"", ""reasons"": [""rig_cut_seam""], ""intent"": null}, {""frame"": 3, ""category"": ""render_bug"", ""reasons"": [""rig_cut_seam""], ""intent"": null}, {""frame"": 4, ""category"": ""render_bug"", ""reasons"": [""rig_cut_seam""], ""intent"": null}]"
per-unit-2026-10-04,9/ranged/hit,3,5392,5493,704,704,"[{""frame"": 0, ""category"": ""render_bug"", ""reasons"": [""rig_cut_seam""], ""intent"": null}, {""frame"": 2, ""category"": ""render_bug"", ""reasons"": [""rig_cut_seam""], ""intent"": null}]"
per-unit-2026-10-04,9/ranged/death,6,3921,4188.0,100,338.0,"[{""frame"": 1, ""category"": ""render_bug"", ""reasons"": [""foreground_jump"", ""rig_cut_seam""], ""intent"": ""death_pose""}, {""frame"": 2, ""category"": ""render_bug"", ""reasons"": [""sprite_jump"", ""rig_cut_seam""], ""intent"": ""authored_dissolve""}, {""frame"": 3, ""category"": ""design_intent"", ""reasons"": [""sprite_jump""], ""intent"": ""authored_dissolve""}, {""frame"": 4, ""category"": ""design_intent"", ""reasons"": [""low_sprite"", ""sprite_jump""], ""intent"": ""authored_dissolve""}, {""frame"": 5, ""category"": ""design_intent"", ""reasons"": [""low_sprite""], ""intent"": ""authored_dissolve""}]"
per-unit-2026-10-04,9/ranged/skill,9,6517,15412,676,697,"[{""frame"": 0, ""category"": ""design_intent"", ""reasons"": [""low_foreground""], ""intent"": ""effect_phase_transition""}, {""frame"": 1, ""category"": ""render_bug"", ""reasons"": [""low_foreground"", ""rig_cut_seam""], ""intent"": null}, {""frame"": 2, ""category"": ""render_bug"", ""reasons"": [""foreground_jump"", ""rig_cut_seam""], ""intent"": null}, {""frame"": 4, ""category"": ""render_bug"", ""reasons"": [""foreground_jump"", ""rig_cut_seam""], ""intent"": null}, {""frame"": 5, ""category"": ""design_intent"", ""reasons"": [""foreground_jump""], ""intent"": ""effect_phase_transition""}, {""frame"": 6, ""category"": ""render_bug"", ""reasons"": [""rig_cut_seam""], ""intent"": null}, {""frame"": 7, ""category"": ""render_bug"", ""reasons"": [""foreground_jump"", ""rig_cut_seam""], ""intent"": null}, {""frame"": 8, ""category"": ""design_intent"", ""reasons"": [""foreground_jump""], ""intent"": ""effect_phase_transition""}]"
per-unit-2026-10-04,3/dummy/idle,8,4550,4597.0,733,751.0,"[{""frame"": 0, ""category"": ""render_bug"", ""reasons"": [""rig_cut_seam""], ""intent"": null}, {""frame"": 2, ""category"": ""render_bug"", ""reasons"": [""rig_cut_seam""], ""intent"": null}, {""frame"": 3, ""category"": ""render_bug"", ""reasons"": [""rig_cut_seam""], ""intent"": null}, {""frame"": 4, ""category"": ""render_bug"", ""reasons"": [""rig_cut_seam""], ""intent"": null}, {""frame"": 6, ""category"": ""render_bug"", ""reasons"": [""rig_cut_seam""], ""intent"": null}]"
per-unit-2026-10-04,3/dummy/walk,4,4461,4570.0,733,749.0,"[{""frame"": 1, ""category"": ""render_bug"", ""reasons"": [""rig_cut_seam""], ""intent"": null}, {""frame"": 2, ""category"": ""render_bug"", ""reasons"": [""rig_cut_seam""], ""intent"": null}, {""frame"": 3, ""category"": ""render_bug"", ""reasons"": [""rig_cut_seam""], ""intent"": null}]"
per-unit-2026-10-04,3/dummy/windup,4,4563,4617.5,739,755.0,"[{""frame"": 1, ""category"": ""render_bug"", ""reasons"": [""rig_cut_seam""], ""intent"": null}, {""frame"": 2, ""category"": ""render_bug"", ""reasons"": [""rig_cut_seam""], ""intent"": null}, {""frame"": 3, ""category"": ""render_bug"", ""reasons"": [""rig_cut_seam""], ""intent"": null}]"
per-unit-2026-10-04,3/dummy/strike,5,4471,4583,730,739,"[{""frame"": 1, ""category"": ""render_bug"", ""reasons"": [""rig_cut_seam""], ""intent"": null}, {""frame"": 3, ""category"": ""render_bug"", ""reasons"": [""rig_cut_seam""], ""intent"": null}, {""frame"": 4, ""category"": ""render_bug"", ""reasons"": [""rig_cut_seam""], ""intent"": null}]"
per-unit-2026-10-04,3/dummy/hit,3,5084,5104,708,732,"[{""frame"": 1, ""category"": ""render_bug"", ""reasons"": [""rig_cut_seam""], ""intent"": null}, {""frame"": 2, ""category"": ""render_bug"", ""reasons"": [""rig_cut_seam""], ""intent"": null}]"
per-unit-2026-10-04,3/dummy/death,6,3650,4085.0,99,430.5,"[{""frame"": 1, ""category"": ""render_bug"", ""reasons"": [""foreground_jump"", ""rig_cut_seam""], ""intent"": ""death_pose""}, {""frame"": 2, ""category"": ""render_bug"", ""reasons"": [""sprite_jump"", ""rig_cut_seam""], ""intent"": ""authored_dissolve""}, {""frame"": 3, ""category"": ""render_bug"", ""reasons"": [""rig_cut_seam""], ""intent"": ""authored_dissolve""}, {""frame"": 4, ""category"": ""design_intent"", ""reasons"": [""sprite_jump""], ""intent"": ""authored_dissolve""}, {""frame"": 5, ""category"": ""render_bug"", ""reasons"": [""low_sprite"", ""rig_cut_seam""], ""intent"": ""authored_dissolve""}]"
per-unit-2026-10-04,3/dummy/skill,10,4929,6493.0,730,752.0,"[{""frame"": 1, ""category"": ""render_bug"", ""reasons"": [""rig_cut_seam""], ""intent"": null}, {""frame"": 2, ""category"": ""render_bug"", ""reasons"": [""rig_cut_seam""], ""intent"": null}, {""frame"": 3, ""category"": ""render_bug"", ""reasons"": [""rig_cut_seam""], ""intent"": null}, {""frame"": 4, ""category"": ""design_intent"", ""reasons"": [""foreground_jump""], ""intent"": ""effect_phase_transition""}, {""frame"": 5, ""category"": ""render_bug"", ""reasons"": [""foreground_jump"", ""rig_cut_seam""], ""intent"": null}, {""frame"": 6, ""category"": ""design_intent"", ""reasons"": [""foreground_jump""], ""intent"": ""effect_phase_transition""}, {""frame"": 7, ""category"": ""render_bug"", ""reasons"": [""rig_cut_seam""], ""intent"": null}, {""frame"": 8, ""category"": ""render_bug"", ""reasons"": [""rig_cut_seam""], ""intent"": null}, {""frame"": 9, ""category"": ""render_bug"", ""reasons"": [""rig_cut_seam""], ""intent"": null}]"
per-unit-2026-10-04,3/melee/idle,8,4657,4679.5,733,751.0,"[{""frame"": 0, ""category"": ""render_bug"", ""reasons"": [""rig_cut_seam""], ""intent"": null}, {""frame"": 2, ""category"": ""render_bug"", ""reasons"": [""rig_cut_seam""], ""intent"": null}, {""frame"": 3, ""category"": ""render_bug"", ""reasons"": [""rig_cut_seam""], ""intent"": null}, {""frame"": 4, ""category"": ""render_bug"", ""reasons"": [""rig_cut_seam""], ""intent"": null}, {""frame"": 6, ""category"": ""render_bug"", ""reasons"": [""rig_cut_seam""], ""intent"": null}]"
per-unit-2026-10-04,3/melee/walk,4,4479,4581.5,733,749.0,"[{""frame"": 1, ""category"": ""render_bug"", ""reasons"": [""rig_cut_seam""], ""intent"": null}, {""frame"": 2, ""category"": ""render_bug"", ""reasons"": [""rig_cut_seam""], ""intent"": null}, {""frame"": 3, ""category"": ""render_bug"", ""reasons"": [""rig_cut_seam""], ""intent"": null}]"
per-unit-2026-10-04,3/melee/windup,4,4515,4636.5,739,755.0,"[{""frame"": 1, ""category"": ""render_bug"", ""reasons"": [""rig_cut_seam""], ""intent"": null}, {""frame"": 2, ""category"": ""render_bug"", ""reasons"": [""rig_cut_seam""], ""intent"": null}, {""frame"": 3, ""category"": ""render_bug"", ""reasons"": [""rig_cut_seam""], ""intent"": null}]"
per-unit-2026-10-04,3/melee/strike,5,4434,4559,730,739,"[{""frame"": 1, ""category"": ""render_bug"", ""reasons"": [""rig_cut_seam""], ""intent"": null}, {""frame"": 3, ""category"": ""render_bug"", ""reasons"": [""rig_cut_seam""], ""intent"": null}, {""frame"": 4, ""category"": ""render_bug"", ""reasons"": [""rig_cut_seam""], ""intent"": null}]"
per-unit-2026-10-04,3/melee/hit,3,4936,4970,733,740,"[{""frame"": 0, ""category"": ""render_bug"", ""reasons"": [""rig_cut_seam""], ""intent"": null}, {""frame"": 1, ""category"": ""render_bug"", ""reasons"": [""rig_cut_seam""], ""intent"": null}]"
per-unit-2026-10-04,3/melee/death,6,3497,3988.5,99,430.5,"[{""frame"": 1, ""category"": ""render_bug"", ""reasons"": [""foreground_jump"", ""rig_cut_seam""], ""intent"": ""death_pose""}, {""frame"": 2, ""category"": ""render_bug"", ""reasons"": [""sprite_jump"", ""rig_cut_seam""], ""intent"": ""authored_dissolve""}, {""frame"": 3, ""category"": ""render_bug"", ""reasons"": [""rig_cut_seam""], ""intent"": ""authored_dissolve""}, {""frame"": 4, ""category"": ""design_intent"", ""reasons"": [""sprite_jump""], ""intent"": ""authored_dissolve""}, {""frame"": 5, ""category"": ""render_bug"", ""reasons"": [""low_sprite"", ""rig_cut_seam""], ""intent"": ""authored_dissolve""}]"
per-unit-2026-10-04,3/melee/skill,10,4835,6475.0,730,739.0,"[{""frame"": 1, ""category"": ""render_bug"", ""reasons"": [""rig_cut_seam""], ""intent"": null}, {""frame"": 2, ""category"": ""render_bug"", ""reasons"": [""rig_cut_seam""], ""intent"": null}, {""frame"": 3, ""category"": ""render_bug"", ""reasons"": [""rig_cut_seam""], ""intent"": null}, {""frame"": 4, ""category"": ""design_intent"", ""reasons"": [""foreground_jump""], ""intent"": ""effect_phase_transition""}, {""frame"": 5, ""category"": ""render_bug"", ""reasons"": [""foreground_jump"", ""rig_cut_seam""], ""intent"": null}, {""frame"": 6, ""category"": ""design_intent"", ""reasons"": [""foreground_jump""], ""intent"": ""effect_phase_transition""}, {""frame"": 7, ""category"": ""render_bug"", ""reasons"": [""rig_cut_seam""], ""intent"": null}, {""frame"": 8, ""category"": ""render_bug"", ""reasons"": [""rig_cut_seam""], ""intent"": null}]"
per-unit-2026-10-04,3/ranged/idle,8,4497,4519.0,733,751.0,"[{""frame"": 0, ""category"": ""render_bug"", ""reasons"": [""rig_cut_seam""], ""intent"": null}, {""frame"": 2, ""category"": ""render_bug"", ""reasons"": [""rig_cut_seam""], ""intent"": null}, {""frame"": 3, ""category"": ""render_bug"", ""reasons"": [""rig_cut_seam""], ""intent"": null}, {""frame"": 4, ""category"": ""render_bug"", ""reasons"": [""rig_cut_seam""], ""intent"": null}, {""frame"": 6, ""category"": ""render_bug"", ""reasons"": [""rig_cut_seam""], ""intent"": null}]"
per-unit-2026-10-04,3/ranged/walk,4,4422,4458.0,733,749.0,"[{""frame"": 1, ""category"": ""render_bug"", ""reasons"": [""rig_cut_seam""], ""intent"": null}, {""frame"": 2, ""category"": ""render_bug"", ""reasons"": [""rig_cut_seam""], ""intent"": null}, {""frame"": 3, ""category"": ""render_bug"", ""reasons"": [""rig_cut_seam""], ""intent"": null}]"
per-unit-2026-10-04,3/ranged/windup,4,4640,4690.5,739,755.0,"[{""frame"": 1, ""category"": ""render_bug"", ""reasons"": [""rig_cut_seam""], ""intent"": null}, {""frame"": 2, ""category"": ""render_bug"", ""reasons"": [""rig_cut_seam""], ""intent"": null}, {""frame"": 3, ""category"": ""render_bug"", ""reasons"": [""rig_cut_seam""], ""intent"": null}]"
per-unit-2026-10-04,3/ranged/strike,5,4640,4684,730,739,"[{""frame"": 1, ""category"": ""render_bug"", ""reasons"": [""rig_cut_seam""], ""intent"": null}, {""frame"": 3, ""category"": ""render_bug"", ""reasons"": [""rig_cut_seam""], ""intent"": null}, {""frame"": 4, ""category"": ""render_bug"", ""reasons"": [""rig_cut_seam""], ""intent"": null}]"
per-unit-2026-10-04,3/ranged/hit,3,5366,5540,708,739,"[{""frame"": 0, ""category"": ""render_bug"", ""reasons"": [""rig_cut_seam""], ""intent"": null}, {""frame"": 2, ""category"": ""render_bug"", ""reasons"": [""rig_cut_seam""], ""intent"": null}]"
per-unit-2026-10-04,3/ranged/death,6,3919,4280.5,99,430.5,"[{""frame"": 1, ""category"": ""render_bug"", ""reasons"": [""foreground_jump"", ""rig_cut_seam""], ""intent"": ""death_pose""}, {""frame"": 2, ""category"": ""render_bug"", ""reasons"": [""sprite_jump"", ""rig_cut_seam""], ""intent"": ""authored_dissolve""}, {""frame"": 3, ""category"": ""render_bug"", ""reasons"": [""rig_cut_seam""], ""intent"": ""authored_dissolve""}, {""frame"": 4, ""category"": ""design_intent"", ""reasons"": [""sprite_jump""], ""intent"": ""authored_dissolve""}, {""frame"": 5, ""category"": ""render_bug"", ""reasons"": [""low_sprite"", ""rig_cut_seam""], ""intent"": ""authored_dissolve""}]"
per-unit-2026-10-04,3/ranged/skill,10,7068,14715.5,730,752.0,"[{""frame"": 1, ""category"": ""render_bug"", ""reasons"": [""rig_cut_seam""], ""intent"": null}, {""frame"": 2, ""category"": ""render_bug"", ""reasons"": [""foreground_jump"", ""rig_cut_seam""], ""intent"": null}, {""frame"": 3, ""category"": ""render_bug"", ""reasons"": [""foreground_jump"", ""rig_cut_seam""], ""intent"": null}, {""frame"": 4, ""category"": ""design_intent"", ""reasons"": [""foreground_jump""], ""intent"": ""effect_phase_transition""}, {""frame"": 5, ""category"": ""render_bug"", ""reasons"": [""foreground_jump"", ""rig_cut_seam""], ""intent"": null}, {""frame"": 6, ""category"": ""design_intent"", ""reasons"": [""foreground_jump""], ""intent"": ""effect_phase_transition""}, {""frame"": 7, ""category"": ""render_bug"", ""reasons"": [""foreground_jump"", ""rig_cut_seam""], ""intent"": null}, {""frame"": 8, ""category"": ""render_bug"", ""reasons"": [""foreground_jump"", ""rig_cut_seam""], ""intent"": null}, {""frame"": 9, ""category"": ""design_intent"", ""reasons"": [""foreground_jump""], ""intent"": ""effect_phase_transition""}]"
per-unit-2026-10-04,94/dummy/idle,8,4360,4427.0,537,637.0,"[{""frame"": 0, ""category"": ""render_bug"", ""reasons"": [""rig_cut_seam""], ""intent"": null}, {""frame"": 1, ""category"": ""render_bug"", ""reasons"": [""rig_cut_seam""], ""intent"": ""authored_dissolve""}, {""frame"": 2, ""category"": ""render_bug"", ""reasons"": [""rig_cut_seam""], ""intent"": ""authored_dissolve""}, {""frame"": 3, ""category"": ""render_bug"", ""reasons"": [""rig_cut_seam""], ""intent"": ""authored_dissolve_recovery""}, {""frame"": 4, ""category"": ""render_bug"", ""reasons"": [""rig_cut_seam""], ""intent"": null}, {""frame"": 6, ""category"": ""render_bug"", ""reasons"": [""rig_cut_seam""], ""intent"": ""authored_dissolve""}]"
per-unit-2026-10-04,94/dummy/walk,4,4292,4474.5,543,630.5,"[{""frame"": 1, ""category"": ""render_bug"", ""reasons"": [""rig_cut_seam""], ""intent"": ""authored_dissolve_recovery""}, {""frame"": 3, ""category"": ""render_bug"", ""reasons"": [""rig_cut_seam""], ""intent"": ""authored_dissolve_recovery""}]"
per-unit-2026-10-04,94/dummy/windup,3,4366,4576,537,720,"[{""frame"": 1, ""category"": ""render_bug"", ""reasons"": [""rig_cut_seam""], ""intent"": ""authored_dissolve""}]"
per-unit-2026-10-04,94/dummy/strike,5,4298,4571,524,712,"[{""frame"": 0, ""category"": ""render_bug"", ""reasons"": [""rig_cut_seam""], ""intent"": null}, {""frame"": 2, ""category"": ""render_bug"", ""reasons"": [""rig_cut_seam""], ""intent"": ""authored_dissolve""}, {""frame"": 3, ""category"": ""render_bug"", ""reasons"": [""rig_cut_seam""], ""intent"": ""authored_dissolve_recovery""}, {""frame"": 4, ""category"": ""render_bug"", ""reasons"": [""rig_cut_seam""], ""intent"": null}]"
per-unit-2026-10-04,94/dummy/hit,3,4832,4923,357,510,"[{""frame"": 1, ""category"": ""render_bug"", ""reasons"": [""rig_cut_seam""], ""intent"": ""authored_dissolve""}, {""frame"": 2, ""category"": ""design_intent"", ""reasons"": [""sprite_jump""], ""intent"": ""authored_dissolve""}]"
per-unit-2026-10-04,94/dummy/death,6,3696,4015.5,176,372.0,"[{""frame"": 1, ""category"": ""render_bug"", ""reasons"": [""foreground_jump"", ""rig_cut_seam""], ""intent"": ""authored_dissolve""}, {""frame"": 2, ""category"": ""design_intent"", ""reasons"": [""sprite_jump""], ""intent"": ""authored_dissolve""}, {""frame"": 3, ""category"": ""render_bug"", ""reasons"": [""rig_cut_seam""], ""intent"": ""authored_dissolve""}, {""frame"": 4, ""category"": ""design_intent"", ""reasons"": [""sprite_jump""], ""intent"": ""authored_dissolve""}, {""frame"": 5, ""category"": ""render_bug"", ""reasons"": [""rig_cut_seam""], ""intent"": ""authored_dissolve""}]"
per-unit-2026-10-04,94/dummy/skill,9,4897,6541,524,714,"[{""frame"": 1, ""category"": ""render_bug"", ""reasons"": [""rig_cut_seam""], ""intent"": ""authored_dissolve""}, {""frame"": 3, ""category"": ""render_bug"", ""reasons"": [""foreground_jump"", ""rig_cut_seam""], ""intent"": null}, {""frame"": 4, ""category"": ""design_intent"", ""reasons"": [""foreground_jump""], ""intent"": ""authored_dissolve""}, {""frame"": 5, ""category"": ""render_bug"", ""reasons"": [""foreground_jump"", ""rig_cut_seam""], ""intent"": ""authored_dissolve""}, {""frame"": 6, ""category"": ""render_bug"", ""reasons"": [""rig_cut_seam""], ""intent"": ""authored_dissolve_recovery""}, {""frame"": 7, ""category"": ""render_bug"", ""reasons"": [""rig_cut_seam""], ""intent"": null}]"
per-unit-2026-10-04,94/melee/idle,8,4430,4539.0,537,637.0,"[{""frame"": 1, ""category"": ""render_bug"", ""reasons"": [""rig_cut_seam""], ""intent"": ""authored_dissolve""}, {""frame"": 3, ""category"": ""render_bug"", ""reasons"": [""rig_cut_seam""], ""intent"": ""authored_dissolve_recovery""}, {""frame"": 6, ""category"": ""render_bug"", ""reasons"": [""rig_cut_seam""], ""intent"": ""authored_dissolve""}]"
per-unit-2026-10-04,94/melee/walk,4,4311,4485.5,543,630.5,"[{""frame"": 1, ""category"": ""render_bug"", ""reasons"": [""rig_cut_seam""], ""intent"": ""authored_dissolve_recovery""}, {""frame"": 3, ""category"": ""render_bug"", ""reasons"": [""rig_cut_seam""], ""intent"": ""authored_dissolve_recovery""}]"
per-unit-2026-10-04,94/melee/windup,3,4335,4501,537,720,"[{""frame"": 1, ""category"": ""render_bug"", ""reasons"": [""rig_cut_seam""], ""intent"": ""authored_dissolve""}]"
per-unit-2026-10-04,94/melee/strike,5,4350,4520,524,712,"[{""frame"": 3, ""category"": ""render_bug"", ""reasons"": [""rig_cut_seam""], ""intent"": ""authored_dissolve_recovery""}]"
per-unit-2026-10-04,94/melee/hit,3,5035,5053,369,521,"[{""frame"": 0, ""category"": ""render_bug"", ""reasons"": [""rig_cut_seam""], ""intent"": ""authored_dissolve""}, {""frame"": 2, ""category"": ""design_intent"", ""reasons"": [""sprite_jump""], ""intent"": ""authored_dissolve_recovery""}]"
per-unit-2026-10-04,94/melee/death,6,3879,4148.5,176,372.0,"[{""frame"": 1, ""category"": ""render_bug"", ""reasons"": [""foreground_jump"", ""rig_cut_seam""], ""intent"": ""authored_dissolve""}, {""frame"": 2, ""category"": ""design_intent"", ""reasons"": [""sprite_jump""], ""intent"": ""authored_dissolve""}, {""frame"": 4, ""category"": ""design_intent"", ""reasons"": [""sprite_jump""], ""intent"": ""authored_dissolve""}]"
per-unit-2026-10-04,94/melee/skill,9,4487,5964,366,537,"[{""frame"": 1, ""category"": ""render_bug"", ""reasons"": [""sprite_jump"", ""rig_cut_seam""], ""intent"": ""authored_dissolve""}, {""frame"": 3, ""category"": ""design_intent"", ""reasons"": [""foreground_jump""], ""intent"": ""effect_phase_transition""}, {""frame"": 4, ""category"": ""render_bug"", ""reasons"": [""foreground_jump"", ""sprite_jump"", ""rig_cut_seam""], ""intent"": ""authored_dissolve""}, {""frame"": 5, ""category"": ""design_intent"", ""reasons"": [""foreground_jump""], ""intent"": ""authored_dissolve""}, {""frame"": 6, ""category"": ""render_bug"", ""reasons"": [""sprite_jump"", ""rig_cut_seam""], ""intent"": ""authored_dissolve_recovery""}, {""frame"": 7, ""category"": ""design_intent"", ""reasons"": [""sprite_jump""], ""intent"": ""authored_dissolve""}]"
per-unit-2026-10-04,94/ranged/idle,8,4270,4363.0,537,637.0,"[{""frame"": 1, ""category"": ""render_bug"", ""reasons"": [""rig_cut_seam""], ""intent"": ""authored_dissolve""}, {""frame"": 3, ""category"": ""render_bug"", ""reasons"": [""rig_cut_seam""], ""intent"": ""authored_dissolve_recovery""}, {""frame"": 6, ""category"": ""render_bug"", ""reasons"": [""rig_cut_seam""], ""intent"": ""authored_dissolve""}]"
per-unit-2026-10-04,94/ranged/walk,4,4253,4362.5,543,630.5,"[{""frame"": 1, ""category"": ""render_bug"", ""reasons"": [""rig_cut_seam""], ""intent"": ""authored_dissolve_recovery""}, {""frame"": 3, ""category"": ""render_bug"", ""reasons"": [""rig_cut_seam""], ""intent"": ""authored_dissolve_recovery""}]"
per-unit-2026-10-04,94/ranged/windup,3,4445,4626,537,720,"[{""frame"": 1, ""category"": ""render_bug"", ""reasons"": [""rig_cut_seam""], ""intent"": ""authored_dissolve""}]"
per-unit-2026-10-04,94/ranged/strike,5,4467,4623,524,712,"[{""frame"": 3, ""category"": ""render_bug"", ""reasons"": [""rig_cut_seam""], ""intent"": ""authored_dissolve_recovery""}]"
per-unit-2026-10-04,94/ranged/hit,3,5239,5254,359,497,"[{""frame"": 0, ""category"": ""render_bug"", ""reasons"": [""rig_cut_seam""], ""intent"": ""authored_dissolve""}, {""frame"": 2, ""category"": ""render_bug"", ""reasons"": [""sprite_jump"", ""rig_cut_seam""], ""intent"": ""authored_dissolve_recovery""}]"
per-unit-2026-10-04,94/ranged/death,6,3993,4211.0,176,372.0,"[{""frame"": 1, ""category"": ""render_bug"", ""reasons"": [""foreground_jump"", ""rig_cut_seam""], ""intent"": ""authored_dissolve""}, {""frame"": 2, ""category"": ""design_intent"", ""reasons"": [""sprite_jump""], ""intent"": ""authored_dissolve""}, {""frame"": 4, ""category"": ""design_intent"", ""reasons"": [""sprite_jump""], ""intent"": ""authored_dissolve""}]"
per-unit-2026-10-04,94/ranged/skill,9,6053,9426,335,506,"[{""frame"": 2, ""category"": ""design_intent"", ""reasons"": [""sprite_jump""], ""intent"": ""authored_dissolve_recovery""}, {""frame"": 3, ""category"": ""design_intent"", ""reasons"": [""foreground_jump"", ""sprite_jump""], ""intent"": ""authored_dissolve""}, {""frame"": 4, ""category"": ""render_bug"", ""reasons"": [""foreground_jump"", ""sprite_jump"", ""rig_cut_seam""], ""intent"": ""authored_dissolve""}, {""frame"": 5, ""category"": ""design_intent"", ""reasons"": [""foreground_jump"", ""sprite_jump""], ""intent"": ""authored_dissolve""}, {""frame"": 6, ""category"": ""render_bug"", ""reasons"": [""rig_cut_seam""], ""intent"": ""authored_dissolve""}, {""frame"": 8, ""category"": ""design_intent"", ""reasons"": [""foreground_jump""], ""intent"": ""authored_dissolve""}]"
per-unit-2026-10-04,131/dummy/idle,8,4237,4301.0,468,499.0,"[{""frame"": 0, ""category"": ""render_bug"", ""reasons"": [""rig_cut_seam""], ""intent"": null}, {""frame"": 2, ""category"": ""render_bug"", ""reasons"": [""rig_cut_seam""], ""intent"": null}, {""frame"": 3, ""category"": ""render_bug"", ""reasons"": [""rig_cut_seam""], ""intent"": null}, {""frame"": 4, ""category"": ""render_bug"", ""reasons"": [""rig_cut_seam""], ""intent"": null}, {""frame"": 6, ""category"": ""render_bug"", ""reasons"": [""rig_cut_seam""], ""intent"": null}]"
per-unit-2026-10-04,131/dummy/walk,5,4225,4304,468,493,"[{""frame"": 0, ""category"": ""render_bug"", ""reasons"": [""rig_cut_seam""], ""intent"": null}, {""frame"": 1, ""category"": ""render_bug"", ""reasons"": [""rig_cut_seam""], ""intent"": null}, {""frame"": 2, ""category"": ""render_bug"", ""reasons"": [""rig_cut_seam""], ""intent"": null}, {""frame"": 3, ""category"": ""render_bug"", ""reasons"": [""rig_cut_seam""], ""intent"": null}, {""frame"": 4, ""category"": ""render_bug"", ""reasons"": [""rig_cut_seam""], ""intent"": null}]"
per-unit-2026-10-04,131/dummy/windup,3,4275,4279,444,477,"[{""frame"": 0, ""category"": ""render_bug"", ""reasons"": [""rig_cut_seam""], ""intent"": null}, {""frame"": 1, ""category"": ""render_bug"", ""reasons"": [""rig_cut_seam""], ""intent"": null}, {""frame"": 2, ""category"": ""render_bug"", ""reasons"": [""rig_cut_seam""], ""intent"": null}]"
per-unit-2026-10-04,131/dummy/strike,5,4407,4869,468,497,"[{""frame"": 1, ""category"": ""render_bug"", ""reasons"": [""rig_cut_seam""], ""intent"": null}, {""frame"": 3, ""category"": ""render_bug"", ""reasons"": [""rig_cut_seam""], ""intent"": null}, {""frame"": 4, ""category"": ""render_bug"", ""reasons"": [""rig_cut_seam""], ""intent"": null}]"
per-unit-2026-10-04,131/dummy/hit,3,4929,5096,484,495,"[{""frame"": 0, ""category"": ""render_bug"", ""reasons"": [""rig_cut_seam""], ""intent"": null}, {""frame"": 1, ""category"": ""render_bug"", ""reasons"": [""rig_cut_seam""], ""intent"": null}]"
per-unit-2026-10-04,131/dummy/death,6,3609,3918.0,81,267.0,"[{""frame"": 1, ""category"": ""render_bug"", ""reasons"": [""foreground_jump"", ""rig_cut_seam""], ""intent"": ""death_pose""}, {""frame"": 2, ""category"": ""render_bug"", ""reasons"": [""sprite_jump"", ""rig_cut_seam""], ""intent"": ""authored_dissolve""}, {""frame"": 3, ""category"": ""render_bug"", ""reasons"": [""sprite_jump"", ""rig_cut_seam""], ""intent"": ""authored_dissolve""}, {""frame"": 4, ""category"": ""design_intent"", ""reasons"": [""low_sprite"", ""sprite_jump""], ""intent"": ""authored_dissolve""}, {""frame"": 5, ""category"": ""render_bug"", ""reasons"": [""low_sprite"", ""rig_cut_seam""], ""intent"": ""authored_dissolve""}]"
per-unit-2026-10-04,131/dummy/skill,9,4379,4902,444,482,"[{""frame"": 0, ""category"": ""render_bug"", ""reasons"": [""rig_cut_seam""], ""intent"": null}, {""frame"": 1, ""category"": ""render_bug"", ""reasons"": [""rig_cut_seam""], ""intent"": null}, {""frame"": 2, ""category"": ""render_bug"", ""reasons"": [""rig_cut_seam""], ""intent"": null}, {""frame"": 3, ""category"": ""design_intent"", ""reasons"": [""foreground_jump""], ""intent"": ""effect_phase_transition""}, {""frame"": 4, ""category"": ""render_bug"", ""reasons"": [""rig_cut_seam""], ""intent"": null}, {""frame"": 5, ""category"": ""design_intent"", ""reasons"": [""foreground_jump""], ""intent"": ""effect_phase_transition""}, {""frame"": 6, ""category"": ""render_bug"", ""reasons"": [""rig_cut_seam""], ""intent"": null}, {""frame"": 7, ""category"": ""render_bug"", ""reasons"": [""rig_cut_seam""], ""intent"": null}, {""frame"": 8, ""category"": ""render_bug"", ""reasons"": [""rig_cut_seam""], ""intent"": null}]"
per-unit-2026-10-04,131/melee/idle,8,4367,4427.0,468,499.0,"[{""frame"": 0, ""category"": ""render_bug"", ""reasons"": [""rig_cut_seam""], ""intent"": null}, {""frame"": 2, ""category"": ""render_bug"", ""reasons"": [""rig_cut_seam""], ""intent"": null}, {""frame"": 3, ""category"": ""render_bug"", ""reasons"": [""rig_cut_seam""], ""intent"": null}, {""frame"": 4, ""category"": ""render_bug"", ""reasons"": [""rig_cut_seam""], ""intent"": null}, {""frame"": 6, ""category"": ""render_bug"", ""reasons"": [""rig_cut_seam""], ""intent"": null}]"
per-unit-2026-10-04,131/melee/walk,5,4204,4338,468,493,"[{""frame"": 1, ""category"": ""render_bug"", ""reasons"": [""rig_cut_seam""], ""intent"": null}, {""frame"": 2, ""category"": ""render_bug"", ""reasons"": [""rig_cut_seam""], ""intent"": null}, {""frame"": 3, ""category"": ""render_bug"", ""reasons"": [""rig_cut_seam""], ""intent"": null}]"
per-unit-2026-10-04,131/melee/windup,3,4101,4132,444,477,"[{""frame"": 1, ""category"": ""render_bug"", ""reasons"": [""rig_cut_seam""], ""intent"": null}, {""frame"": 2, ""category"": ""render_bug"", ""reasons"": [""rig_cut_seam""], ""intent"": null}]"
per-unit-2026-10-04,131/melee/strike,5,4396,5047,468,497,"[{""frame"": 1, ""category"": ""render_bug"", ""reasons"": [""rig_cut_seam""], ""intent"": null}, {""frame"": 3, ""category"": ""render_bug"", ""reasons"": [""rig_cut_seam""], ""intent"": null}, {""frame"": 4, ""category"": ""render_bug"", ""reasons"": [""rig_cut_seam""], ""intent"": null}]"
per-unit-2026-10-04,131/melee/hit,3,5129,5187,468,497,"[{""frame"": 1, ""category"": ""render_bug"", ""reasons"": [""rig_cut_seam""], ""intent"": null}]"
per-unit-2026-10-04,131/melee/death,6,3649,3992.0,81,267.0,"[{""frame"": 1, ""category"": ""render_bug"", ""reasons"": [""foreground_jump"", ""rig_cut_seam""], ""intent"": ""death_pose""}, {""frame"": 2, ""category"": ""render_bug"", ""reasons"": [""sprite_jump"", ""rig_cut_seam""], ""intent"": ""authored_dissolve""}, {""frame"": 3, ""category"": ""render_bug"", ""reasons"": [""sprite_jump"", ""rig_cut_seam""], ""intent"": ""authored_dissolve""}, {""frame"": 4, ""category"": ""design_intent"", ""reasons"": [""low_sprite"", ""sprite_jump""], ""intent"": ""authored_dissolve""}, {""frame"": 5, ""category"": ""render_bug"", ""reasons"": [""low_sprite"", ""rig_cut_seam""], ""intent"": ""authored_dissolve""}]"
per-unit-2026-10-04,131/melee/skill,9,5888,7952,468,486,"[{""frame"": 1, ""category"": ""render_bug"", ""reasons"": [""foreground_jump"", ""rig_cut_seam""], ""intent"": null}, {""frame"": 2, ""category"": ""render_bug"", ""reasons"": [""foreground_jump"", ""rig_cut_seam""], ""intent"": null}, {""frame"": 3, ""category"": ""design_intent"", ""reasons"": [""foreground_jump""], ""intent"": ""effect_phase_transition""}, {""frame"": 4, ""category"": ""render_bug"", ""reasons"": [""rig_cut_seam""], ""intent"": null}, {""frame"": 5, ""category"": ""design_intent"", ""reasons"": [""foreground_jump""], ""intent"": ""effect_phase_transition""}, {""frame"": 6, ""category"": ""render_bug"", ""reasons"": [""rig_cut_seam""], ""intent"": null}, {""frame"": 7, ""category"": ""render_bug"", ""reasons"": [""rig_cut_seam""], ""intent"": null}, {""frame"": 8, ""category"": ""render_bug"", ""reasons"": [""rig_cut_seam""], ""intent"": null}]"
per-unit-2026-10-04,131/ranged/idle,8,4219,4266.5,468,499.0,"[{""frame"": 0, ""category"": ""render_bug"", ""reasons"": [""rig_cut_seam""], ""intent"": null}, {""frame"": 2, ""category"": ""render_bug"", ""reasons"": [""rig_cut_seam""], ""intent"": null}, {""frame"": 3, ""category"": ""render_bug"", ""reasons"": [""rig_cut_seam""], ""intent"": null}, {""frame"": 4, ""category"": ""render_bug"", ""reasons"": [""rig_cut_seam""], ""intent"": null}, {""frame"": 6, ""category"": ""render_bug"", ""reasons"": [""rig_cut_seam""], ""intent"": null}]"
per-unit-2026-10-04,131/ranged/walk,5,4186,4223,468,493,"[{""frame"": 1, ""category"": ""render_bug"", ""reasons"": [""rig_cut_seam""], ""intent"": null}, {""frame"": 2, ""category"": ""render_bug"", ""reasons"": [""rig_cut_seam""], ""intent"": null}, {""frame"": 3, ""category"": ""render_bug"", ""reasons"": [""rig_cut_seam""], ""intent"": null}]"
per-unit-2026-10-04,131/ranged/windup,3,4075,4104,444,477,"[{""frame"": 1, ""category"": ""render_bug"", ""reasons"": [""rig_cut_seam""], ""intent"": null}, {""frame"": 2, ""category"": ""render_bug"", ""reasons"": [""rig_cut_seam""], ""intent"": null}]"
per-unit-2026-10-04,131/ranged/strike,5,4237,4842,468,497,"[{""frame"": 1, ""category"": ""render_bug"", ""reasons"": [""rig_cut_seam""], ""intent"": null}, {""frame"": 3, ""category"": ""render_bug"", ""reasons"": [""rig_cut_seam""], ""intent"": null}, {""frame"": 4, ""category"": ""render_bug"", ""reasons"": [""rig_cut_seam""], ""intent"": null}]"
per-unit-2026-10-04,131/ranged/hit,3,5207,5375,468,468,"[{""frame"": 0, ""category"": ""render_bug"", ""reasons"": [""rig_cut_seam""], ""intent"": null}, {""frame"": 2, ""category"": ""render_bug"", ""reasons"": [""rig_cut_seam""], ""intent"": null}]"
per-unit-2026-10-04,131/ranged/death,6,3903,4113.5,81,267.0,"[{""frame"": 1, ""category"": ""render_bug"", ""reasons"": [""foreground_jump"", ""rig_cut_seam""], ""intent"": ""death_pose""}, {""frame"": 2, ""category"": ""render_bug"", ""reasons"": [""sprite_jump"", ""rig_cut_seam""], ""intent"": ""authored_dissolve""}, {""frame"": 3, ""category"": ""render_bug"", ""reasons"": [""sprite_jump"", ""rig_cut_seam""], ""intent"": ""authored_dissolve""}, {""frame"": 4, ""category"": ""design_intent"", ""reasons"": [""low_sprite"", ""sprite_jump""], ""intent"": ""authored_dissolve""}, {""frame"": 5, ""category"": ""render_bug"", ""reasons"": [""low_sprite"", ""rig_cut_seam""], ""intent"": ""authored_dissolve""}]"
per-unit-2026-10-04,131/ranged/skill,9,6949,12583,449,475,"[{""frame"": 1, ""category"": ""render_bug"", ""reasons"": [""foreground_jump"", ""rig_cut_seam""], ""intent"": null}, {""frame"": 2, ""category"": ""render_bug"", ""reasons"": [""rig_cut_seam""], ""intent"": null}, {""frame"": 3, ""category"": ""design_intent"", ""reasons"": [""foreground_jump""], ""intent"": ""effect_phase_transition""}, {""frame"": 4, ""category"": ""render_bug"", ""reasons"": [""rig_cut_seam""], ""intent"": null}, {""frame"": 6, ""category"": ""render_bug"", ""reasons"": [""foreground_jump"", ""rig_cut_seam""], ""intent"": null}, {""frame"": 7, ""category"": ""render_bug"", ""reasons"": [""foreground_jump"", ""rig_cut_seam""], ""intent"": null}, {""frame"": 8, ""category"": ""render_bug"", ""reasons"": [""rig_cut_seam""], ""intent"": null}]"
per-unit-2026-10-04,59/dummy/idle,8,4378,4482.0,588,625.0,"[{""frame"": 0, ""category"": ""render_bug"", ""reasons"": [""rig_cut_seam""], ""intent"": null}, {""frame"": 1, ""category"": ""render_bug"", ""reasons"": [""rig_cut_seam""], ""intent"": null}, {""frame"": 2, ""category"": ""render_bug"", ""reasons"": [""rig_cut_seam""], ""intent"": null}, {""frame"": 3, ""category"": ""render_bug"", ""reasons"": [""rig_cut_seam""], ""intent"": null}, {""frame"": 4, ""category"": ""render_bug"", ""reasons"": [""rig_cut_seam""], ""intent"": null}, {""frame"": 6, ""category"": ""render_bug"", ""reasons"": [""rig_cut_seam""], ""intent"": null}, {""frame"": 7, ""category"": ""render_bug"", ""reasons"": [""rig_cut_seam""], ""intent"": null}]"
per-unit-2026-10-04,59/dummy/walk,4,4332,4477.5,582,600.5,"[{""frame"": 0, ""category"": ""render_bug"", ""reasons"": [""rig_cut_seam""], ""intent"": null}, {""frame"": 1, ""category"": ""render_bug"", ""reasons"": [""rig_cut_seam""], ""intent"": null}, {""frame"": 2, ""category"": ""render_bug"", ""reasons"": [""rig_cut_seam""], ""intent"": null}, {""frame"": 3, ""category"": ""render_bug"", ""reasons"": [""rig_cut_seam""], ""intent"": null}]"
per-unit-2026-10-04,59/dummy/windup,2,4361,4423.0,597,600.5,"[{""frame"": 0, ""category"": ""render_bug"", ""reasons"": [""rig_cut_seam""], ""intent"": null}, {""frame"": 1, ""category"": ""render_bug"", ""reasons"": [""rig_cut_seam""], ""intent"": null}]"
per-unit-2026-10-04,59/dummy/strike,5,4475,4926,571,599,"[{""frame"": 0, ""category"": ""render_bug"", ""reasons"": [""rig_cut_seam""], ""intent"": null}, {""frame"": 1, ""category"": ""render_bug"", ""reasons"": [""rig_cut_seam""], ""intent"": null}, {""frame"": 2, ""category"": ""render_bug"", ""reasons"": [""rig_cut_seam""], ""intent"": null}, {""frame"": 3, ""category"": ""render_bug"", ""reasons"": [""rig_cut_seam""], ""intent"": null}, {""frame"": 4, ""category"": ""render_bug"", ""reasons"": [""rig_cut_seam""], ""intent"": null}]"
per-unit-2026-10-04,59/dummy/hit,3,4961,5169,553,618,"[{""frame"": 0, ""category"": ""render_bug"", ""reasons"": [""rig_cut_seam""], ""intent"": null}, {""frame"": 1, ""category"": ""render_bug"", ""reasons"": [""rig_cut_seam""], ""intent"": null}, {""frame"": 2, ""category"": ""render_bug"", ""reasons"": [""rig_cut_seam""], ""intent"": null}]"
per-unit-2026-10-04,59/dummy/death,6,3635,3965.0,110,329.5,"[{""frame"": 1, ""category"": ""render_bug"", ""reasons"": [""foreground_jump"", ""sprite_jump"", ""rig_cut_seam""], ""intent"": ""authored_dissolve""}, {""frame"": 2, ""category"": ""render_bug"", ""reasons"": [""rig_cut_seam""], ""intent"": ""authored_dissolve""}, {""frame"": 3, ""category"": ""render_bug"", ""reasons"": [""sprite_jump"", ""rig_cut_seam""], ""intent"": ""authored_dissolve""}, {""frame"": 4, ""category"": ""design_intent"", ""reasons"": [""low_sprite"", ""sprite_jump""], ""intent"": ""authored_dissolve""}, {""frame"": 5, ""category"": ""render_bug"", ""reasons"": [""low_sprite"", ""rig_cut_seam""], ""intent"": ""authored_dissolve""}]"
per-unit-2026-10-04,59/dummy/skill,8,4468,6054.0,571,601.5,"[{""frame"": 0, ""category"": ""render_bug"", ""reasons"": [""rig_cut_seam""], ""intent"": null}, {""frame"": 1, ""category"": ""render_bug"", ""reasons"": [""rig_cut_seam""], ""intent"": null}, {""frame"": 2, ""category"": ""render_bug"", ""reasons"": [""foreground_jump"", ""rig_cut_seam""], ""intent"": null}, {""frame"": 3, ""category"": ""render_bug"", ""reasons"": [""foreground_jump"", ""rig_cut_seam""], ""intent"": null}, {""frame"": 4, ""category"": ""render_bug"", ""reasons"": [""foreground_jump"", ""rig_cut_seam""], ""intent"": null}, {""frame"": 5, ""category"": ""render_bug"", ""reasons"": [""rig_cut_seam""], ""intent"": null}, {""frame"": 6, ""category"": ""render_bug"", ""reasons"": [""rig_cut_seam""], ""intent"": null}, {""frame"": 7, ""category"": ""render_bug"", ""reasons"": [""rig_cut_seam""], ""intent"": null}]"
per-unit-2026-10-04,59/melee/idle,8,4544,4586.0,588,625.0,"[{""frame"": 1, ""category"": ""render_bug"", ""reasons"": [""rig_cut_seam""], ""intent"": null}, {""frame"": 2, ""category"": ""render_bug"", ""reasons"": [""rig_cut_seam""], ""intent"": null}, {""frame"": 3, ""category"": ""render_bug"", ""reasons"": [""rig_cut_seam""], ""intent"": null}, {""frame"": 6, ""category"": ""render_bug"", ""reasons"": [""rig_cut_seam""], ""intent"": null}, {""frame"": 7, ""category"": ""render_bug"", ""reasons"": [""rig_cut_seam""], ""intent"": null}]"
per-unit-2026-10-04,59/melee/walk,4,4371,4414.5,582,600.5,"[{""frame"": 1, ""category"": ""render_bug"", ""reasons"": [""rig_cut_seam""], ""intent"": null}, {""frame"": 2, ""category"": ""render_bug"", ""reasons"": [""rig_cut_seam""], ""intent"": null}, {""frame"": 3, ""category"": ""render_bug"", ""reasons"": [""rig_cut_seam""], ""intent"": null}]"
per-unit-2026-10-04,59/melee/windup,2,4247,4262.5,597,600.5,"[{""frame"": 1, ""category"": ""render_bug"", ""reasons"": [""rig_cut_seam""], ""intent"": null}]"
per-unit-2026-10-04,59/melee/strike,5,4529,5125,571,599,"[{""frame"": 1, ""category"": ""render_bug"", ""reasons"": [""rig_cut_seam""], ""intent"": null}, {""frame"": 3, ""category"": ""render_bug"", ""reasons"": [""rig_cut_seam""], ""intent"": null}, {""frame"": 4, ""category"": ""render_bug"", ""reasons"": [""rig_cut_seam""], ""intent"": null}]"
per-unit-2026-10-04,59/melee/hit,3,5166,5261,591,593,"[{""frame"": 1, ""category"": ""render_bug"", ""reasons"": [""rig_cut_seam""], ""intent"": null}, {""frame"": 2, ""category"": ""render_bug"", ""reasons"": [""rig_cut_seam""], ""intent"": null}]"
per-unit-2026-10-04,59/melee/death,6,3682,4050.0,110,329.5,"[{""frame"": 1, ""category"": ""render_bug"", ""reasons"": [""foreground_jump"", ""sprite_jump"", ""rig_cut_seam""], ""intent"": ""authored_dissolve""}, {""frame"": 2, ""category"": ""render_bug"", ""reasons"": [""rig_cut_seam""], ""intent"": ""authored_dissolve""}, {""frame"": 3, ""category"": ""render_bug"", ""reasons"": [""sprite_jump"", ""rig_cut_seam""], ""intent"": ""authored_dissolve""}, {""frame"": 4, ""category"": ""design_intent"", ""reasons"": [""low_sprite"", ""sprite_jump""], ""intent"": ""authored_dissolve""}, {""frame"": 5, ""category"": ""render_bug"", ""reasons"": [""low_sprite"", ""rig_cut_seam""], ""intent"": ""authored_dissolve""}]"
per-unit-2026-10-04,59/melee/skill,8,5495,9814.5,571,600.0,"[{""frame"": 1, ""category"": ""render_bug"", ""reasons"": [""rig_cut_seam""], ""intent"": null}, {""frame"": 2, ""category"": ""design_intent"", ""reasons"": [""foreground_jump""], ""intent"": ""effect_phase_transition""}, {""frame"": 3, ""category"": ""render_bug"", ""reasons"": [""foreground_jump"", ""rig_cut_seam""], ""intent"": null}, {""frame"": 4, ""category"": ""design_intent"", ""reasons"": [""foreground_jump""], ""intent"": ""effect_phase_transition""}, {""frame"": 5, ""category"": ""render_bug"", ""reasons"": [""rig_cut_seam""], ""intent"": null}, {""frame"": 6, ""category"": ""render_bug"", ""reasons"": [""foreground_jump"", ""rig_cut_seam""], ""intent"": null}, {""frame"": 7, ""category"": ""design_intent"", ""reasons"": [""foreground_jump""], ""intent"": ""effect_phase_transition""}]"
per-unit-2026-10-04,59/ranged/idle,8,4396,4425.0,588,625.0,"[{""frame"": 1, ""category"": ""render_bug"", ""reasons"": [""rig_cut_seam""], ""intent"": null}, {""frame"": 2, ""category"": ""render_bug"", ""reasons"": [""rig_cut_seam""], ""intent"": null}, {""frame"": 3, ""category"": ""render_bug"", ""reasons"": [""rig_cut_seam""], ""intent"": null}, {""frame"": 6, ""category"": ""render_bug"", ""reasons"": [""rig_cut_seam""], ""intent"": null}, {""frame"": 7, ""category"": ""render_bug"", ""reasons"": [""rig_cut_seam""], ""intent"": null}]"
per-unit-2026-10-04,59/ranged/walk,4,4293,4359.5,582,600.5,"[{""frame"": 1, ""category"": ""render_bug"", ""reasons"": [""rig_cut_seam""], ""intent"": null}, {""frame"": 2, ""category"": ""render_bug"", ""reasons"": [""rig_cut_seam""], ""intent"": null}, {""frame"": 3, ""category"": ""render_bug"", ""reasons"": [""rig_cut_seam""], ""intent"": null}]"
per-unit-2026-10-04,59/ranged/windup,2,4243,4248.0,597,600.5,"[{""frame"": 1, ""category"": ""render_bug"", ""reasons"": [""rig_cut_seam""], ""intent"": null}]"
per-unit-2026-10-04,59/ranged/strike,5,4377,4924,571,599,"[{""frame"": 1, ""category"": ""render_bug"", ""reasons"": [""rig_cut_seam""], ""intent"": null}, {""frame"": 3, ""category"": ""render_bug"", ""reasons"": [""rig_cut_seam""], ""intent"": null}, {""frame"": 4, ""category"": ""render_bug"", ""reasons"": [""rig_cut_seam""], ""intent"": null}]"
per-unit-2026-10-04,59/ranged/hit,3,5279,5448,553,618,"[{""frame"": 0, ""category"": ""render_bug"", ""reasons"": [""rig_cut_seam""], ""intent"": null}, {""frame"": 1, ""category"": ""render_bug"", ""reasons"": [""rig_cut_seam""], ""intent"": null}, {""frame"": 2, ""category"": ""render_bug"", ""reasons"": [""rig_cut_seam""], ""intent"": null}]"
per-unit-2026-10-04,59/ranged/death,6,3932,4171.5,110,329.5,"[{""frame"": 1, ""category"": ""render_bug"", ""reasons"": [""foreground_jump"", ""sprite_jump"", ""rig_cut_seam""], ""intent"": ""authored_dissolve""}, {""frame"": 2, ""category"": ""render_bug"", ""reasons"": [""rig_cut_seam""], ""intent"": ""authored_dissolve""}, {""frame"": 3, ""category"": ""render_bug"", ""reasons"": [""sprite_jump"", ""rig_cut_seam""], ""intent"": ""authored_dissolve""}, {""frame"": 4, ""category"": ""design_intent"", ""reasons"": [""low_sprite"", ""sprite_jump""], ""intent"": ""authored_dissolve""}, {""frame"": 5, ""category"": ""render_bug"", ""reasons"": [""low_sprite"", ""rig_cut_seam""], ""intent"": ""authored_dissolve""}]"
per-unit-2026-10-04,59/ranged/skill,8,8236,14903.0,553,600.0,"[{""frame"": 1, ""category"": ""render_bug"", ""reasons"": [""foreground_jump"", ""rig_cut_seam""], ""intent"": null}, {""frame"": 2, ""category"": ""design_intent"", ""reasons"": [""foreground_jump""], ""intent"": ""effect_phase_transition""}, {""frame"": 3, ""category"": ""render_bug"", ""reasons"": [""foreground_jump"", ""rig_cut_seam""], ""intent"": null}, {""frame"": 4, ""category"": ""design_intent"", ""reasons"": [""foreground_jump""], ""intent"": ""effect_phase_transition""}, {""frame"": 5, ""category"": ""render_bug"", ""reasons"": [""foreground_jump"", ""rig_cut_seam""], ""intent"": null}, {""frame"": 6, ""category"": ""render_bug"", ""reasons"": [""foreground_jump"", ""rig_cut_seam""], ""intent"": null}, {""frame"": 7, ""category"": ""render_bug"", ""reasons"": [""foreground_jump"", ""rig_cut_seam""], ""intent"": null}]"
per-unit-2026-10-04,130/dummy/idle,8,4372,4461.5,623,639.0,"[{""frame"": 0, ""category"": ""render_bug"", ""reasons"": [""rig_cut_seam""], ""intent"": null}, {""frame"": 2, ""category"": ""render_bug"", ""reasons"": [""rig_cut_seam""], ""intent"": null}, {""frame"": 3, ""category"": ""render_bug"", ""reasons"": [""rig_cut_seam""], ""intent"": null}, {""frame"": 4, ""category"": ""render_bug"", ""reasons"": [""rig_cut_seam""], ""intent"": null}, {""frame"": 6, ""category"": ""render_bug"", ""reasons"": [""rig_cut_seam""], ""intent"": null}]"
per-unit-2026-10-04,130/dummy/walk,5,4355,4459,613,637,"[{""frame"": 0, ""category"": ""render_bug"", ""reasons"": [""rig_cut_seam""], ""intent"": null}, {""frame"": 1, ""category"": ""render_bug"", ""reasons"": [""rig_cut_seam""], ""intent"": null}, {""frame"": 2, ""category"": ""render_bug"", ""reasons"": [""rig_cut_seam""], ""intent"": null}, {""frame"": 3, ""category"": ""render_bug"", ""reasons"": [""rig_cut_seam""], ""intent"": null}, {""frame"": 4, ""category"": ""render_bug"", ""reasons"": [""rig_cut_seam""], ""intent"": null}]"
per-unit-2026-10-04,130/dummy/windup,4,4420,4457.0,594,619.0,"[{""frame"": 0, ""category"": ""render_bug"", ""reasons"": [""rig_cut_seam""], ""intent"": null}, {""frame"": 1, ""category"": ""render_bug"", ""reasons"": [""rig_cut_seam""], ""intent"": null}, {""frame"": 2, ""category"": ""render_bug"", ""reasons"": [""rig_cut_seam""], ""intent"": null}, {""frame"": 3, ""category"": ""render_bug"", ""reasons"": [""rig_cut_seam""], ""intent"": null}]"
per-unit-2026-10-04,130/dummy/strike,5,4576,4833,600,636,"[{""frame"": 0, ""category"": ""render_bug"", ""reasons"": [""rig_cut_seam""], ""intent"": null}, {""frame"": 1, ""category"": ""render_bug"", ""reasons"": [""rig_cut_seam""], ""intent"": null}, {""frame"": 2, ""category"": ""render_bug"", ""reasons"": [""rig_cut_seam""], ""intent"": null}, {""frame"": 3, ""category"": ""render_bug"", ""reasons"": [""rig_cut_seam""], ""intent"": null}, {""frame"": 4, ""category"": ""render_bug"", ""reasons"": [""rig_cut_seam""], ""intent"": null}]"
per-unit-2026-10-04,130/dummy/hit,3,5074,5190,633,639,"[{""frame"": 0, ""category"": ""render_bug"", ""reasons"": [""rig_cut_seam""], ""intent"": null}, {""frame"": 1, ""category"": ""render_bug"", ""reasons"": [""rig_cut_seam""], ""intent"": null}]"
per-unit-2026-10-04,130/dummy/death,6,3620,3953.5,87,300.5,"[{""frame"": 1, ""category"": ""render_bug"", ""reasons"": [""foreground_jump"", ""rig_cut_seam""], ""intent"": ""death_pose""}, {""frame"": 2, ""category"": ""render_bug"", ""reasons"": [""sprite_jump"", ""rig_cut_seam""], ""intent"": ""authored_dissolve""}, {""frame"": 3, ""category"": ""render_bug"", ""reasons"": [""sprite_jump"", ""rig_cut_seam""], ""intent"": ""authored_dissolve""}, {""frame"": 4, ""category"": ""design_intent"", ""reasons"": [""low_sprite"", ""sprite_jump""], ""intent"": ""authored_dissolve""}, {""frame"": 5, ""category"": ""render_bug"", ""reasons"": [""low_sprite"", ""rig_cut_seam""], ""intent"": ""authored_dissolve""}]"
per-unit-2026-10-04,130/dummy/skill,10,4574,4988.5,594,632.0,"[{""frame"": 0, ""category"": ""render_bug"", ""reasons"": [""rig_cut_seam""], ""intent"": null}, {""frame"": 1, ""category"": ""render_bug"", ""reasons"": [""rig_cut_seam""], ""intent"": null}, {""frame"": 2, ""category"": ""render_bug"", ""reasons"": [""rig_cut_seam""], ""intent"": null}, {""frame"": 3, ""category"": ""render_bug"", ""reasons"": [""rig_cut_seam""], ""intent"": null}, {""frame"": 4, ""category"": ""render_bug"", ""reasons"": [""foreground_jump"", ""rig_cut_seam""], ""intent"": null}, {""frame"": 5, ""category"": ""render_bug"", ""reasons"": [""rig_cut_seam""], ""intent"": null}, {""frame"": 6, ""category"": ""render_bug"", ""reasons"": [""foreground_jump"", ""rig_cut_seam""], ""intent"": null}, {""frame"": 7, ""category"": ""render_bug"", ""reasons"": [""rig_cut_seam""], ""intent"": null}, {""frame"": 8, ""category"": ""render_bug"", ""reasons"": [""rig_cut_seam""], ""intent"": null}]"
per-unit-2026-10-04,130/melee/idle,8,4560,4582.5,623,639.0,"[{""frame"": 0, ""category"": ""render_bug"", ""reasons"": [""rig_cut_seam""], ""intent"": null}, {""frame"": 2, ""category"": ""render_bug"", ""reasons"": [""rig_cut_seam""], ""intent"": null}, {""frame"": 3, ""category"": ""render_bug"", ""reasons"": [""rig_cut_seam""], ""intent"": null}, {""frame"": 4, ""category"": ""render_bug"", ""reasons"": [""rig_cut_seam""], ""intent"": null}, {""frame"": 6, ""category"": ""render_bug"", ""reasons"": [""rig_cut_seam""], ""intent"": null}]"
per-unit-2026-10-04,130/melee/walk,5,4359,4468,613,637,"[{""frame"": 1, ""category"": ""render_bug"", ""reasons"": [""rig_cut_seam""], ""intent"": null}, {""frame"": 2, ""category"": ""render_bug"", ""reasons"": [""rig_cut_seam""], ""intent"": null}, {""frame"": 3, ""category"": ""render_bug"", ""reasons"": [""rig_cut_seam""], ""intent"": null}]"
per-unit-2026-10-04,130/melee/windup,4,4268,4357.0,594,619.0,"[{""frame"": 1, ""category"": ""render_bug"", ""reasons"": [""rig_cut_seam""], ""intent"": null}, {""frame"": 2, ""category"": ""render_bug"", ""reasons"": [""rig_cut_seam""], ""intent"": null}, {""frame"": 3, ""category"": ""render_bug"", ""reasons"": [""rig_cut_seam""], ""intent"": null}]"
per-unit-2026-10-04,130/melee/strike,5,4547,5129,600,636,"[{""frame"": 1, ""category"": ""render_bug"", ""reasons"": [""rig_cut_seam""], ""intent"": null}, {""frame"": 3, ""category"": ""render_bug"", ""reasons"": [""rig_cut_seam""], ""intent"": null}, {""frame"": 4, ""category"": ""render_bug"", ""reasons"": [""rig_cut_seam""], ""intent"": null}]"
per-unit-2026-10-04,130/melee/hit,3,5222,5279,627,654,"[{""frame"": 1, ""category"": ""render_bug"", ""reasons"": [""rig_cut_seam""], ""intent"": null}]"
per-unit-2026-10-04,130/melee/death,6,3658,4027.5,87,300.5,"[{""frame"": 1, ""category"": ""render_bug"", ""reasons"": [""foreground_jump"", ""rig_cut_seam""], ""intent"": ""death_pose""}, {""frame"": 2, ""category"": ""render_bug"", ""reasons"": [""sprite_jump"", ""rig_cut_seam""], ""intent"": ""authored_dissolve""}, {""frame"": 3, ""category"": ""render_bug"", ""reasons"": [""sprite_jump"", ""rig_cut_seam""], ""intent"": ""authored_dissolve""}, {""frame"": 4, ""category"": ""design_intent"", ""reasons"": [""low_sprite"", ""sprite_jump""], ""intent"": ""authored_dissolve""}, {""frame"": 5, ""category"": ""render_bug"", ""reasons"": [""low_sprite"", ""rig_cut_seam""], ""intent"": ""authored_dissolve""}]"
per-unit-2026-10-04,130/melee/skill,10,5109,7647.0,600,629.5,"[{""frame"": 1, ""category"": ""render_bug"", ""reasons"": [""rig_cut_seam""], ""intent"": null}, {""frame"": 2, ""category"": ""render_bug"", ""reasons"": [""rig_cut_seam""], ""intent"": null}, {""frame"": 3, ""category"": ""render_bug"", ""reasons"": [""rig_cut_seam""], ""intent"": null}, {""frame"": 4, ""category"": ""design_intent"", ""reasons"": [""foreground_jump""], ""intent"": ""effect_phase_transition""}, {""frame"": 5, ""category"": ""render_bug"", ""reasons"": [""foreground_jump"", ""rig_cut_seam""], ""intent"": null}, {""frame"": 6, ""category"": ""design_intent"", ""reasons"": [""foreground_jump""], ""intent"": ""effect_phase_transition""}, {""frame"": 7, ""category"": ""render_bug"", ""reasons"": [""foreground_jump"", ""rig_cut_seam""], ""intent"": null}, {""frame"": 8, ""category"": ""render_bug"", ""reasons"": [""foreground_jump"", ""rig_cut_seam""], ""intent"": null}]"
per-unit-2026-10-04,130/ranged/idle,8,4400,4415.5,623,639.0,"[{""frame"": 0, ""category"": ""render_bug"", ""reasons"": [""rig_cut_seam""], ""intent"": null}, {""frame"": 2, ""category"": ""render_bug"", ""reasons"": [""rig_cut_seam""], ""intent"": null}, {""frame"": 3, ""category"": ""render_bug"", ""reasons"": [""rig_cut_seam""], ""intent"": null}, {""frame"": 4, ""category"": ""render_bug"", ""reasons"": [""rig_cut_seam""], ""intent"": null}, {""frame"": 6, ""category"": ""render_bug"", ""reasons"": [""rig_cut_seam""], ""intent"": null}]"
per-unit-2026-10-04,130/ranged/walk,5,4316,4370,613,637,"[{""frame"": 1, ""category"": ""render_bug"", ""reasons"": [""rig_cut_seam""], ""intent"": null}, {""frame"": 2, ""category"": ""render_bug"", ""reasons"": [""rig_cut_seam""], ""intent"": null}, {""frame"": 3, ""category"": ""render_bug"", ""reasons"": [""rig_cut_seam""], ""intent"": null}]"
per-unit-2026-10-04,130/ranged/windup,4,4242,4269.5,594,619.0,"[{""frame"": 1, ""category"": ""render_bug"", ""reasons"": [""rig_cut_seam""], ""intent"": null}, {""frame"": 2, ""category"": ""render_bug"", ""reasons"": [""rig_cut_seam""], ""intent"": null}, {""frame"": 3, ""category"": ""render_bug"", ""reasons"": [""rig_cut_seam""], ""intent"": null}]"
per-unit-2026-10-04,130/ranged/strike,5,4396,4927,600,636,"[{""frame"": 1, ""category"": ""render_bug"", ""reasons"": [""rig_cut_seam""], ""intent"": null}, {""frame"": 3, ""category"": ""render_bug"", ""reasons"": [""rig_cut_seam""], ""intent"": null}, {""frame"": 4, ""category"": ""render_bug"", ""reasons"": [""rig_cut_seam""], ""intent"": null}]"
per-unit-2026-10-04,130/ranged/hit,3,5350,5489,621,643,"[{""frame"": 0, ""category"": ""render_bug"", ""reasons"": [""rig_cut_seam""], ""intent"": null}, {""frame"": 2, ""category"": ""render_bug"", ""reasons"": [""rig_cut_seam""], ""intent"": null}]"
per-unit-2026-10-04,130/ranged/death,6,3912,4149.0,87,300.5,"[{""frame"": 1, ""category"": ""render_bug"", ""reasons"": [""foreground_jump"", ""rig_cut_seam""], ""intent"": ""death_pose""}, {""frame"": 2, ""category"": ""render_bug"", ""reasons"": [""sprite_jump"", ""rig_cut_seam""], ""intent"": ""authored_dissolve""}, {""frame"": 3, ""category"": ""render_bug"", ""reasons"": [""sprite_jump"", ""rig_cut_seam""], ""intent"": ""authored_dissolve""}, {""frame"": 4, ""category"": ""design_intent"", ""reasons"": [""low_sprite"", ""sprite_jump""], ""intent"": ""authored_dissolve""}, {""frame"": 5, ""category"": ""render_bug"", ""reasons"": [""low_sprite"", ""rig_cut_seam""], ""intent"": ""authored_dissolve""}]"
per-unit-2026-10-04,130/ranged/skill,10,7141,8565.5,610,627.0,"[{""frame"": 1, ""category"": ""render_bug"", ""reasons"": [""foreground_jump"", ""rig_cut_seam""], ""intent"": null}, {""frame"": 2, ""category"": ""render_bug"", ""reasons"": [""foreground_jump"", ""rig_cut_seam""], ""intent"": null}, {""frame"": 3, ""category"": ""render_bug"", ""reasons"": [""rig_cut_seam""], ""intent"": null}, {""frame"": 4, ""category"": ""design_intent"", ""reasons"": [""foreground_jump""], ""intent"": ""effect_phase_transition""}, {""frame"": 5, ""category"": ""render_bug"", ""reasons"": [""foreground_jump"", ""rig_cut_seam""], ""intent"": null}, {""frame"": 6, ""category"": ""design_intent"", ""reasons"": [""foreground_jump""], ""intent"": ""effect_phase_transition""}, {""frame"": 7, ""category"": ""render_bug"", ""reasons"": [""rig_cut_seam""], ""intent"": null}, {""frame"": 8, ""category"": ""render_bug"", ""reasons"": [""rig_cut_seam""], ""intent"": null}]"
per-unit-2026-10-04,31/dummy/idle,8,4356,4466.0,642,651.5,"[{""frame"": 0, ""category"": ""render_bug"", ""reasons"": [""rig_cut_seam""], ""intent"": null}, {""frame"": 2, ""category"": ""render_bug"", ""reasons"": [""rig_cut_seam""], ""intent"": null}, {""frame"": 3, ""category"": ""render_bug"", ""reasons"": [""rig_cut_seam""], ""intent"": null}, {""frame"": 4, ""category"": ""render_bug"", ""reasons"": [""rig_cut_seam""], ""intent"": null}, {""frame"": 6, ""category"": ""render_bug"", ""reasons"": [""rig_cut_seam""], ""intent"": null}]"
per-unit-2026-10-04,31/dummy/walk,4,4376,4456.5,634,644.0,"[{""frame"": 0, ""category"": ""render_bug"", ""reasons"": [""rig_cut_seam""], ""intent"": null}, {""frame"": 1, ""category"": ""render_bug"", ""reasons"": [""rig_cut_seam""], ""intent"": null}, {""frame"": 2, ""category"": ""render_bug"", ""reasons"": [""rig_cut_seam""], ""intent"": null}, {""frame"": 3, ""category"": ""render_bug"", ""reasons"": [""rig_cut_seam""], ""intent"": null}]"
per-unit-2026-10-04,31/dummy/windup,3,4403,4516,627,643,"[{""frame"": 0, ""category"": ""render_bug"", ""reasons"": [""rig_cut_seam""], ""intent"": null}, {""frame"": 1, ""category"": ""render_bug"", ""reasons"": [""rig_cut_seam""], ""intent"": null}, {""frame"": 2, ""category"": ""render_bug"", ""reasons"": [""rig_cut_seam""], ""intent"": null}]"
per-unit-2026-10-04,31/dummy/strike,5,4510,4908,630,646,"[{""frame"": 1, ""category"": ""render_bug"", ""reasons"": [""rig_cut_seam""], ""intent"": null}, {""frame"": 3, ""category"": ""render_bug"", ""reasons"": [""rig_cut_seam""], ""intent"": null}, {""frame"": 4, ""category"": ""render_bug"", ""reasons"": [""rig_cut_seam""], ""intent"": null}]"
per-unit-2026-10-04,31/dummy/hit,3,4984,5098,622,654,"[{""frame"": 0, ""category"": ""render_bug"", ""reasons"": [""rig_cut_seam""], ""intent"": null}, {""frame"": 1, ""category"": ""render_bug"", ""reasons"": [""rig_cut_seam""], ""intent"": null}]"
per-unit-2026-10-04,31/dummy/death,6,3647,4043.5,95,390.0,"[{""frame"": 1, ""category"": ""render_bug"", ""reasons"": [""foreground_jump"", ""rig_cut_seam""], ""intent"": ""death_pose""}, {""frame"": 2, ""category"": ""render_bug"", ""reasons"": [""sprite_jump"", ""rig_cut_seam""], ""intent"": ""authored_dissolve""}, {""frame"": 3, ""category"": ""render_bug"", ""reasons"": [""rig_cut_seam""], ""intent"": ""authored_dissolve""}, {""frame"": 4, ""category"": ""design_intent"", ""reasons"": [""sprite_jump""], ""intent"": ""authored_dissolve""}, {""frame"": 5, ""category"": ""render_bug"", ""reasons"": [""low_sprite"", ""rig_cut_seam""], ""intent"": ""authored_dissolve""}]"
per-unit-2026-10-04,31/dummy/skill,9,4545,4901,627,646,"[{""frame"": 0, ""category"": ""render_bug"", ""reasons"": [""rig_cut_seam""], ""intent"": null}, {""frame"": 1, ""category"": ""render_bug"", ""reasons"": [""rig_cut_seam""], ""intent"": null}, {""frame"": 2, ""category"": ""render_bug"", ""reasons"": [""rig_cut_seam""], ""intent"": null}, {""frame"": 3, ""category"": ""design_intent"", ""reasons"": [""foreground_jump""], ""intent"": ""effect_phase_transition""}, {""frame"": 4, ""category"": ""render_bug"", ""reasons"": [""rig_cut_seam""], ""intent"": null}, {""frame"": 5, ""category"": ""design_intent"", ""reasons"": [""foreground_jump""], ""intent"": ""effect_phase_transition""}, {""frame"": 6, ""category"": ""render_bug"", ""reasons"": [""rig_cut_seam""], ""intent"": null}, {""frame"": 7, ""category"": ""render_bug"", ""reasons"": [""rig_cut_seam""], ""intent"": null}, {""frame"": 8, ""category"": ""render_bug"", ""reasons"": [""rig_cut_seam""], ""intent"": null}]"
per-unit-2026-10-04,31/melee/idle,8,4570,4581.5,642,651.5,"[{""frame"": 0, ""category"": ""render_bug"", ""reasons"": [""rig_cut_seam""], ""intent"": null}, {""frame"": 2, ""category"": ""render_bug"", ""reasons"": [""rig_cut_seam""], ""intent"": null}, {""frame"": 3, ""category"": ""render_bug"", ""reasons"": [""rig_cut_seam""], ""intent"": null}, {""frame"": 4, ""category"": ""render_bug"", ""reasons"": [""rig_cut_seam""], ""intent"": null}, {""frame"": 6, ""category"": ""render_bug"", ""reasons"": [""rig_cut_seam""], ""intent"": null}]"
per-unit-2026-10-04,31/melee/walk,4,4355,4423.5,634,644.0,"[{""frame"": 1, ""category"": ""render_bug"", ""reasons"": [""rig_cut_seam""], ""intent"": null}, {""frame"": 2, ""category"": ""render_bug"", ""reasons"": [""rig_cut_seam""], ""intent"": null}, {""frame"": 3, ""category"": ""render_bug"", ""reasons"": [""rig_cut_seam""], ""intent"": null}]"
per-unit-2026-10-04,31/melee/windup,3,4289,4310,627,643,"[{""frame"": 1, ""category"": ""render_bug"", ""reasons"": [""rig_cut_seam""], ""intent"": null}, {""frame"": 2, ""category"": ""render_bug"", ""reasons"": [""rig_cut_seam""], ""intent"": null}]"
per-unit-2026-10-04,31/melee/strike,5,4593,5123,630,646,"[{""frame"": 1, ""category"": ""render_bug"", ""reasons"": [""rig_cut_seam""], ""intent"": null}, {""frame"": 3, ""category"": ""render_bug"", ""reasons"": [""rig_cut_seam""], ""intent"": null}, {""frame"": 4, ""category"": ""render_bug"", ""reasons"": [""rig_cut_seam""], ""intent"": null}]"
per-unit-2026-10-04,31/melee/hit,3,5211,5273,625,659,"[{""frame"": 1, ""category"": ""render_bug"", ""reasons"": [""rig_cut_seam""], ""intent"": null}]"
per-unit-2026-10-04,31/melee/death,6,3662,4117.5,95,390.0,"[{""frame"": 1, ""category"": ""render_bug"", ""reasons"": [""foreground_jump"", ""rig_cut_seam""], ""intent"": ""death_pose""}, {""frame"": 2, ""category"": ""render_bug"", ""reasons"": [""sprite_jump"", ""rig_cut_seam""], ""intent"": ""authored_dissolve""}, {""frame"": 3, ""category"": ""render_bug"", ""reasons"": [""rig_cut_seam""], ""intent"": ""authored_dissolve""}, {""frame"": 4, ""category"": ""design_intent"", ""reasons"": [""sprite_jump""], ""intent"": ""authored_dissolve""}, {""frame"": 5, ""category"": ""render_bug"", ""reasons"": [""low_sprite"", ""rig_cut_seam""], ""intent"": ""authored_dissolve""}]"
per-unit-2026-10-04,31/melee/skill,9,6026,8229,618,649,"[{""frame"": 1, ""category"": ""render_bug"", ""reasons"": [""foreground_jump"", ""rig_cut_seam""], ""intent"": null}, {""frame"": 2, ""category"": ""render_bug"", ""reasons"": [""foreground_jump"", ""rig_cut_seam""], ""intent"": null}, {""frame"": 3, ""category"": ""design_intent"", ""reasons"": [""foreground_jump""], ""intent"": ""effect_phase_transition""}, {""frame"": 4, ""category"": ""render_bug"", ""reasons"": [""foreground_jump"", ""rig_cut_seam""], ""intent"": null}, {""frame"": 5, ""category"": ""design_intent"", ""reasons"": [""foreground_jump""], ""intent"": ""effect_phase_transition""}, {""frame"": 6, ""category"": ""render_bug"", ""reasons"": [""rig_cut_seam""], ""intent"": null}, {""frame"": 7, ""category"": ""render_bug"", ""reasons"": [""rig_cut_seam""], ""intent"": null}, {""frame"": 8, ""category"": ""render_bug"", ""reasons"": [""rig_cut_seam""], ""intent"": null}]"
per-unit-2026-10-04,31/ranged/idle,8,4385,4422.0,642,651.5,"[{""frame"": 0, ""category"": ""render_bug"", ""reasons"": [""rig_cut_seam""], ""intent"": null}, {""frame"": 2, ""category"": ""render_bug"", ""reasons"": [""rig_cut_seam""], ""intent"": null}, {""frame"": 3, ""category"": ""render_bug"", ""reasons"": [""rig_cut_seam""], ""intent"": null}, {""frame"": 4, ""category"": ""render_bug"", ""reasons"": [""rig_cut_seam""], ""intent"": null}, {""frame"": 6, ""category"": ""render_bug"", ""reasons"": [""rig_cut_seam""], ""intent"": null}]"
per-unit-2026-10-04,31/ranged/walk,4,4334,4340.0,634,644.0,"[{""frame"": 1, ""category"": ""render_bug"", ""reasons"": [""rig_cut_seam""], ""intent"": null}, {""frame"": 2, ""category"": ""render_bug"", ""reasons"": [""rig_cut_seam""], ""intent"": null}, {""frame"": 3, ""category"": ""render_bug"", ""reasons"": [""rig_cut_seam""], ""intent"": null}]"
per-unit-2026-10-04,31/ranged/windup,3,4284,4285,627,643,"[{""frame"": 1, ""category"": ""render_bug"", ""reasons"": [""rig_cut_seam""], ""intent"": null}, {""frame"": 2, ""category"": ""render_bug"", ""reasons"": [""rig_cut_seam""], ""intent"": null}]"
per-unit-2026-10-04,31/ranged/strike,5,4368,4893,630,646,"[{""frame"": 1, ""category"": ""render_bug"", ""reasons"": [""rig_cut_seam""], ""intent"": null}, {""frame"": 3, ""category"": ""render_bug"", ""reasons"": [""rig_cut_seam""], ""intent"": null}, {""frame"": 4, ""category"": ""render_bug"", ""reasons"": [""rig_cut_seam""], ""intent"": null}]"
per-unit-2026-10-04,31/ranged/hit,3,5341,5402,639,641,"[{""frame"": 0, ""category"": ""render_bug"", ""reasons"": [""rig_cut_seam""], ""intent"": null}, {""frame"": 2, ""category"": ""render_bug"", ""reasons"": [""rig_cut_seam""], ""intent"": null}]"
per-unit-2026-10-04,31/ranged/death,6,3916,4239.0,95,390.0,"[{""frame"": 1, ""category"": ""render_bug"", ""reasons"": [""foreground_jump"", ""rig_cut_seam""], ""intent"": ""death_pose""}, {""frame"": 2, ""category"": ""render_bug"", ""reasons"": [""sprite_jump"", ""rig_cut_seam""], ""intent"": ""authored_dissolve""}, {""frame"": 3, ""category"": ""render_bug"", ""reasons"": [""rig_cut_seam""], ""intent"": ""authored_dissolve""}, {""frame"": 4, ""category"": ""design_intent"", ""reasons"": [""sprite_jump""], ""intent"": ""authored_dissolve""}, {""frame"": 5, ""category"": ""render_bug"", ""reasons"": [""low_sprite"", ""rig_cut_seam""], ""intent"": ""authored_dissolve""}]"
per-unit-2026-10-04,31/ranged/skill,9,6087,7772,618,641,"[{""frame"": 1, ""category"": ""render_bug"", ""reasons"": [""foreground_jump"", ""rig_cut_seam""], ""intent"": null}, {""frame"": 2, ""category"": ""render_bug"", ""reasons"": [""foreground_jump"", ""rig_cut_seam""], ""intent"": null}, {""frame"": 3, ""category"": ""design_intent"", ""reasons"": [""foreground_jump""], ""intent"": ""effect_phase_transition""}, {""frame"": 4, ""category"": ""render_bug"", ""reasons"": [""foreground_jump"", ""rig_cut_seam""], ""intent"": null}, {""frame"": 5, ""category"": ""design_intent"", ""reasons"": [""foreground_jump""], ""intent"": ""effect_phase_transition""}, {""frame"": 6, ""category"": ""render_bug"", ""reasons"": [""rig_cut_seam""], ""intent"": null}, {""frame"": 7, ""category"": ""render_bug"", ""reasons"": [""rig_cut_seam""], ""intent"": null}, {""frame"": 8, ""category"": ""render_bug"", ""reasons"": [""rig_cut_seam""], ""intent"": null}]"
per-unit-2026-10-04,34/dummy/idle,8,4412,4532.0,690,710.0,"[{""frame"": 0, ""category"": ""render_bug"", ""reasons"": [""rig_cut_seam""], ""intent"": null}, {""frame"": 1, ""category"": ""render_bug"", ""reasons"": [""rig_cut_seam""], ""intent"": null}, {""frame"": 2, ""category"": ""render_bug"", ""reasons"": [""rig_cut_seam""], ""intent"": null}, {""frame"": 3, ""category"": ""render_bug"", ""reasons"": [""rig_cut_seam""], ""intent"": null}, {""frame"": 4, ""category"": ""render_bug"", ""reasons"": [""rig_cut_seam""], ""intent"": null}, {""frame"": 6, ""category"": ""render_bug"", ""reasons"": [""rig_cut_seam""], ""intent"": null}, {""frame"": 7, ""category"": ""render_bug"", ""reasons"": [""rig_cut_seam""], ""intent"": null}]"
per-unit-2026-10-04,34/dummy/walk,4,4411,4506.0,667,684.0,"[{""frame"": 0, ""category"": ""render_bug"", ""reasons"": [""rig_cut_seam""], ""intent"": null}, {""frame"": 1, ""category"": ""render_bug"", ""reasons"": [""rig_cut_seam""], ""intent"": null}, {""frame"": 2, ""category"": ""render_bug"", ""reasons"": [""rig_cut_seam""], ""intent"": null}, {""frame"": 3, ""category"": ""render_bug"", ""reasons"": [""rig_cut_seam""], ""intent"": null}]"
per-unit-2026-10-04,34/dummy/windup,2,4468,4533.0,663,671.5,"[{""frame"": 0, ""category"": ""render_bug"", ""reasons"": [""rig_cut_seam""], ""intent"": null}, {""frame"": 1, ""category"": ""render_bug"", ""reasons"": [""rig_cut_seam""], ""intent"": null}]"
per-unit-2026-10-04,34/dummy/strike,5,4558,4986,683,696,"[{""frame"": 0, ""category"": ""render_bug"", ""reasons"": [""rig_cut_seam""], ""intent"": null}, {""frame"": 1, ""category"": ""render_bug"", ""reasons"": [""rig_cut_seam""], ""intent"": null}, {""frame"": 2, ""category"": ""render_bug"", ""reasons"": [""rig_cut_seam""], ""intent"": null}, {""frame"": 3, ""category"": ""render_bug"", ""reasons"": [""rig_cut_seam""], ""intent"": null}, {""frame"": 4, ""category"": ""render_bug"", ""reasons"": [""rig_cut_seam""], ""intent"": null}]"
per-unit-2026-10-04,34/dummy/hit,3,5023,5158,690,690,"[{""frame"": 0, ""category"": ""render_bug"", ""reasons"": [""rig_cut_seam""], ""intent"": null}, {""frame"": 1, ""category"": ""render_bug"", ""reasons"": [""rig_cut_seam""], ""intent"": null}, {""frame"": 2, ""category"": ""render_bug"", ""reasons"": [""rig_cut_seam""], ""intent"": null}]"
per-unit-2026-10-04,34/dummy/death,6,3648,4048.5,94,398.5,"[{""frame"": 1, ""category"": ""render_bug"", ""reasons"": [""foreground_jump"", ""rig_cut_seam""], ""intent"": ""death_pose""}, {""frame"": 2, ""category"": ""render_bug"", ""reasons"": [""sprite_jump"", ""rig_cut_seam""], ""intent"": ""authored_dissolve""}, {""frame"": 3, ""category"": ""render_bug"", ""reasons"": [""rig_cut_seam""], ""intent"": ""authored_dissolve""}, {""frame"": 4, ""category"": ""design_intent"", ""reasons"": [""sprite_jump""], ""intent"": ""authored_dissolve""}, {""frame"": 5, ""category"": ""render_bug"", ""reasons"": [""low_sprite"", ""rig_cut_seam""], ""intent"": ""authored_dissolve""}]"
per-unit-2026-10-04,34/dummy/skill,8,4676,5225.0,663,693.5,"[{""frame"": 0, ""category"": ""render_bug"", ""reasons"": [""rig_cut_seam""], ""intent"": null}, {""frame"": 1, ""category"": ""render_bug"", ""reasons"": [""rig_cut_seam""], ""intent"": null}, {""frame"": 2, ""category"": ""render_bug"", ""reasons"": [""foreground_jump"", ""rig_cut_seam""], ""intent"": null}, {""frame"": 3, ""category"": ""render_bug"", ""reasons"": [""foreground_jump"", ""rig_cut_seam""], ""intent"": null}, {""frame"": 4, ""category"": ""render_bug"", ""reasons"": [""foreground_jump"", ""rig_cut_seam""], ""intent"": null}, {""frame"": 5, ""category"": ""render_bug"", ""reasons"": [""rig_cut_seam""], ""intent"": null}, {""frame"": 6, ""category"": ""render_bug"", ""reasons"": [""rig_cut_seam""], ""intent"": null}, {""frame"": 7, ""category"": ""render_bug"", ""reasons"": [""rig_cut_seam""], ""intent"": null}]"
per-unit-2026-10-04,34/melee/idle,8,4606,4639.5,690,710.0,"[{""frame"": 1, ""category"": ""render_bug"", ""reasons"": [""rig_cut_seam""], ""intent"": null}, {""frame"": 2, ""category"": ""render_bug"", ""reasons"": [""rig_cut_seam""], ""intent"": null}, {""frame"": 3, ""category"": ""render_bug"", ""reasons"": [""rig_cut_seam""], ""intent"": null}, {""frame"": 6, ""category"": ""render_bug"", ""reasons"": [""rig_cut_seam""], ""intent"": null}, {""frame"": 7, ""category"": ""render_bug"", ""reasons"": [""rig_cut_seam""], ""intent"": null}]"
per-unit-2026-10-04,34/melee/walk,4,4365,4485.5,667,684.0,"[{""frame"": 1, ""category"": ""render_bug"", ""reasons"": [""rig_cut_seam""], ""intent"": null}, {""frame"": 2, ""category"": ""render_bug"", ""reasons"": [""rig_cut_seam""], ""intent"": null}, {""frame"": 3, ""category"": ""render_bug"", ""reasons"": [""rig_cut_seam""], ""intent"": null}]"
per-unit-2026-10-04,34/melee/windup,2,4354,4363.5,663,671.5,"[{""frame"": 1, ""category"": ""render_bug"", ""reasons"": [""rig_cut_seam""], ""intent"": null}]"
per-unit-2026-10-04,34/melee/strike,5,4639,5179,683,696,"[{""frame"": 1, ""category"": ""render_bug"", ""reasons"": [""rig_cut_seam""], ""intent"": null}, {""frame"": 3, ""category"": ""render_bug"", ""reasons"": [""rig_cut_seam""], ""intent"": null}, {""frame"": 4, ""category"": ""render_bug"", ""reasons"": [""rig_cut_seam""], ""intent"": null}]"
per-unit-2026-10-04,34/melee/hit,3,5168,5278,683,706,"[{""frame"": 1, ""category"": ""render_bug"", ""reasons"": [""rig_cut_seam""], ""intent"": null}, {""frame"": 2, ""category"": ""render_bug"", ""reasons"": [""rig_cut_seam""], ""intent"": null}]"
per-unit-2026-10-04,34/melee/death,6,3663,4122.5,94,398.5,"[{""frame"": 1, ""category"": ""render_bug"", ""reasons"": [""foreground_jump"", ""rig_cut_seam""], ""intent"": ""death_pose""}, {""frame"": 2, ""category"": ""render_bug"", ""reasons"": [""sprite_jump"", ""rig_cut_seam""], ""intent"": ""authored_dissolve""}, {""frame"": 3, ""category"": ""render_bug"", ""reasons"": [""rig_cut_seam""], ""intent"": ""authored_dissolve""}, {""frame"": 4, ""category"": ""design_intent"", ""reasons"": [""sprite_jump""], ""intent"": ""authored_dissolve""}, {""frame"": 5, ""category"": ""render_bug"", ""reasons"": [""low_sprite"", ""rig_cut_seam""], ""intent"": ""authored_dissolve""}]"
per-unit-2026-10-04,34/melee/skill,8,5469,9255.5,664,691.0,"[{""frame"": 1, ""category"": ""render_bug"", ""reasons"": [""rig_cut_seam""], ""intent"": null}, {""frame"": 2, ""category"": ""design_intent"", ""reasons"": [""foreground_jump""], ""intent"": ""effect_phase_transition""}, {""frame"": 3, ""category"": ""render_bug"", ""reasons"": [""foreground_jump"", ""rig_cut_seam""], ""intent"": null}, {""frame"": 4, ""category"": ""design_intent"", ""reasons"": [""foreground_jump""], ""intent"": ""effect_phase_transition""}, {""frame"": 5, ""category"": ""render_bug"", ""reasons"": [""rig_cut_seam""], ""intent"": null}, {""frame"": 6, ""category"": ""render_bug"", ""reasons"": [""foreground_jump"", ""rig_cut_seam""], ""intent"": null}, {""frame"": 7, ""category"": ""design_intent"", ""reasons"": [""foreground_jump""], ""intent"": ""effect_phase_transition""}]"
per-unit-2026-10-04,34/ranged/idle,8,4441,4461.0,690,710.0,"[{""frame"": 1, ""category"": ""render_bug"", ""reasons"": [""rig_cut_seam""], ""intent"": null}, {""frame"": 2, ""category"": ""render_bug"", ""reasons"": [""rig_cut_seam""], ""intent"": null}, {""frame"": 3, ""category"": ""render_bug"", ""reasons"": [""rig_cut_seam""], ""intent"": null}, {""frame"": 6, ""category"": ""render_bug"", ""reasons"": [""rig_cut_seam""], ""intent"": null}, {""frame"": 7, ""category"": ""render_bug"", ""reasons"": [""rig_cut_seam""], ""intent"": null}]"
per-unit-2026-10-04,34/ranged/walk,4,4353,4397.5,667,684.0,"[{""frame"": 1, ""category"": ""render_bug"", ""reasons"": [""rig_cut_seam""], ""intent"": null}, {""frame"": 2, ""category"": ""render_bug"", ""reasons"": [""rig_cut_seam""], ""intent"": null}, {""frame"": 3, ""category"": ""render_bug"", ""reasons"": [""rig_cut_seam""], ""intent"": null}]"
per-unit-2026-10-04,34/ranged/windup,2,4348,4349.0,663,671.5,"[{""frame"": 1, ""category"": ""render_bug"", ""reasons"": [""rig_cut_seam""], ""intent"": null}]"
per-unit-2026-10-04,34/ranged/strike,5,4453,4969,683,696,"[{""frame"": 1, ""category"": ""render_bug"", ""reasons"": [""rig_cut_seam""], ""intent"": null}, {""frame"": 3, ""category"": ""render_bug"", ""reasons"": [""rig_cut_seam""], ""intent"": null}, {""frame"": 4, ""category"": ""render_bug"", ""reasons"": [""rig_cut_seam""], ""intent"": null}]"
per-unit-2026-10-04,34/ranged/hit,3,5362,5445,690,690,"[{""frame"": 0, ""category"": ""render_bug"", ""reasons"": [""rig_cut_seam""], ""intent"": null}, {""frame"": 1, ""category"": ""render_bug"", ""reasons"": [""rig_cut_seam""], ""intent"": null}, {""frame"": 2, ""category"": ""render_bug"", ""reasons"": [""rig_cut_seam""], ""intent"": null}]"
per-unit-2026-10-04,34/ranged/death,6,3917,4244.0,94,398.5,"[{""frame"": 1, ""category"": ""render_bug"", ""reasons"": [""foreground_jump"", ""rig_cut_seam""], ""intent"": ""death_pose""}, {""frame"": 2, ""category"": ""render_bug"", ""reasons"": [""sprite_jump"", ""rig_cut_seam""], ""intent"": ""authored_dissolve""}, {""frame"": 3, ""category"": ""render_bug"", ""reasons"": [""rig_cut_seam""], ""intent"": ""authored_dissolve""}, {""frame"": 4, ""category"": ""design_intent"", ""reasons"": [""sprite_jump""], ""intent"": ""authored_dissolve""}, {""frame"": 5, ""category"": ""render_bug"", ""reasons"": [""low_sprite"", ""rig_cut_seam""], ""intent"": ""authored_dissolve""}]"
per-unit-2026-10-04,34/ranged/skill,8,7534,11484.0,664,686.5,"[{""frame"": 1, ""category"": ""render_bug"", ""reasons"": [""foreground_jump"", ""rig_cut_seam""], ""intent"": null}, {""frame"": 2, ""category"": ""design_intent"", ""reasons"": [""foreground_jump""], ""intent"": ""effect_phase_transition""}, {""frame"": 3, ""category"": ""render_bug"", ""reasons"": [""foreground_jump"", ""rig_cut_seam""], ""intent"": null}, {""frame"": 4, ""category"": ""design_intent"", ""reasons"": [""foreground_jump""], ""intent"": ""effect_phase_transition""}, {""frame"": 5, ""category"": ""render_bug"", ""reasons"": [""rig_cut_seam""], ""intent"": null}, {""frame"": 6, ""category"": ""render_bug"", ""reasons"": [""rig_cut_seam""], ""intent"": null}, {""frame"": 7, ""category"": ""render_bug"", ""reasons"": [""rig_cut_seam""], ""intent"": null}]"
per-unit-2026-10-04,76/dummy/idle,8,4394,4508.0,653,670.0,"[{""frame"": 0, ""category"": ""render_bug"", ""reasons"": [""rig_cut_seam""], ""intent"": null}, {""frame"": 2, ""category"": ""render_bug"", ""reasons"": [""rig_cut_seam""], ""intent"": null}, {""frame"": 4, ""category"": ""render_bug"", ""reasons"": [""rig_cut_seam""], ""intent"": null}, {""frame"": 6, ""category"": ""render_bug"", ""reasons"": [""rig_cut_seam""], ""intent"": null}]"
per-unit-2026-10-04,76/dummy/walk,4,4346,4527.5,614,634.5,"[{""frame"": 0, ""category"": ""render_bug"", ""reasons"": [""rig_cut_seam""], ""intent"": null}, {""frame"": 1, ""category"": ""render_bug"", ""reasons"": [""rig_cut_seam""], ""intent"": null}, {""frame"": 2, ""category"": ""render_bug"", ""reasons"": [""rig_cut_seam""], ""intent"": null}, {""frame"": 3, ""category"": ""render_bug"", ""reasons"": [""rig_cut_seam""], ""intent"": null}]"
per-unit-2026-10-04,76/dummy/windup,4,4413,4453.5,616,651.0,"[{""frame"": 0, ""category"": ""render_bug"", ""reasons"": [""rig_cut_seam""], ""intent"": null}, {""frame"": 1, ""category"": ""render_bug"", ""reasons"": [""rig_cut_seam""], ""intent"": null}, {""frame"": 2, ""category"": ""render_bug"", ""reasons"": [""rig_cut_seam""], ""intent"": null}, {""frame"": 3, ""category"": ""render_bug"", ""reasons"": [""rig_cut_seam""], ""intent"": null}]"
per-unit-2026-10-04,76/dummy/strike,5,4662,4957,618,651,"[{""frame"": 0, ""category"": ""render_bug"", ""reasons"": [""rig_cut_seam""], ""intent"": null}, {""frame"": 1, ""category"": ""render_bug"", ""reasons"": [""rig_cut_seam""], ""intent"": null}, {""frame"": 2, ""category"": ""render_bug"", ""reasons"": [""rig_cut_seam""], ""intent"": null}, {""frame"": 3, ""category"": ""render_bug"", ""reasons"": [""rig_cut_seam""], ""intent"": null}, {""frame"": 4, ""category"": ""render_bug"", ""reasons"": [""rig_cut_seam""], ""intent"": null}]"
per-unit-2026-10-04,76/dummy/hit,3,5022,5165,653,672,"[{""frame"": 1, ""category"": ""render_bug"", ""reasons"": [""rig_cut_seam""], ""intent"": null}]"
per-unit-2026-10-04,76/dummy/death,6,3595,3946.0,79,293.0,"[{""frame"": 1, ""category"": ""render_bug"", ""reasons"": [""foreground_jump"", ""rig_cut_seam""], ""intent"": ""death_pose""}, {""frame"": 2, ""category"": ""design_intent"", ""reasons"": [""sprite_jump""], ""intent"": ""authored_dissolve""}, {""frame"": 3, ""category"": ""render_bug"", ""reasons"": [""sprite_jump"", ""rig_cut_seam""], ""intent"": ""authored_dissolve""}, {""frame"": 4, ""category"": ""design_intent"", ""reasons"": [""low_sprite"", ""sprite_jump""], ""intent"": ""authored_dissolve""}, {""frame"": 5, ""category"": ""render_bug"", ""reasons"": [""low_sprite"", ""rig_cut_seam""], ""intent"": ""authored_dissolve""}]"
per-unit-2026-10-04,76/dummy/skill,10,4463,6511.0,616,651.0,"[{""frame"": 0, ""category"": ""render_bug"", ""reasons"": [""rig_cut_seam""], ""intent"": null}, {""frame"": 1, ""category"": ""render_bug"", ""reasons"": [""rig_cut_seam""], ""intent"": null}, {""frame"": 2, ""category"": ""render_bug"", ""reasons"": [""rig_cut_seam""], ""intent"": null}, {""frame"": 3, ""category"": ""render_bug"", ""reasons"": [""rig_cut_seam""], ""intent"": null}, {""frame"": 4, ""category"": ""render_bug"", ""reasons"": [""foreground_jump"", ""rig_cut_seam""], ""intent"": null}, {""frame"": 5, ""category"": ""render_bug"", ""reasons"": [""foreground_jump"", ""rig_cut_seam""], ""intent"": null}, {""frame"": 6, ""category"": ""render_bug"", ""reasons"": [""foreground_jump"", ""rig_cut_seam""], ""intent"": null}, {""frame"": 7, ""category"": ""render_bug"", ""reasons"": [""rig_cut_seam""], ""intent"": null}, {""frame"": 8, ""category"": ""render_bug"", ""reasons"": [""rig_cut_seam""], ""intent"": null}]"
per-unit-2026-10-04,76/melee/idle,8,4612,4627.0,653,670.0,"[{""frame"": 0, ""category"": ""render_bug"", ""reasons"": [""rig_cut_seam""], ""intent"": null}, {""frame"": 2, ""category"": ""render_bug"", ""reasons"": [""rig_cut_seam""], ""intent"": null}, {""frame"": 4, ""category"": ""render_bug"", ""reasons"": [""rig_cut_seam""], ""intent"": null}, {""frame"": 6, ""category"": ""render_bug"", ""reasons"": [""rig_cut_seam""], ""intent"": null}]"
per-unit-2026-10-04,76/melee/walk,4,4403,4455.5,614,634.5,"[{""frame"": 1, ""category"": ""render_bug"", ""reasons"": [""rig_cut_seam""], ""intent"": null}, {""frame"": 3, ""category"": ""render_bug"", ""reasons"": [""rig_cut_seam""], ""intent"": null}]"
per-unit-2026-10-04,76/melee/windup,4,4241,4363.5,616,651.0,"[{""frame"": 1, ""category"": ""render_bug"", ""reasons"": [""rig_cut_seam""], ""intent"": null}, {""frame"": 3, ""category"": ""render_bug"", ""reasons"": [""rig_cut_seam""], ""intent"": null}]"
per-unit-2026-10-04,76/melee/strike,5,4573,5129,618,651,"[{""frame"": 1, ""category"": ""render_bug"", ""reasons"": [""rig_cut_seam""], ""intent"": null}, {""frame"": 3, ""category"": ""render_bug"", ""reasons"": [""rig_cut_seam""], ""intent"": null}]"
per-unit-2026-10-04,76/melee/hit,3,5198,5274,668,683,"[{""frame"": 1, ""category"": ""render_bug"", ""reasons"": [""rig_cut_seam""], ""intent"": null}]"
per-unit-2026-10-04,76/melee/death,6,3630,4020.0,79,293.0,"[{""frame"": 1, ""category"": ""render_bug"", ""reasons"": [""foreground_jump"", ""rig_cut_seam""], ""intent"": ""death_pose""}, {""frame"": 2, ""category"": ""design_intent"", ""reasons"": [""sprite_jump""], ""intent"": ""authored_dissolve""}, {""frame"": 3, ""category"": ""design_intent"", ""reasons"": [""sprite_jump""], ""intent"": ""authored_dissolve""}, {""frame"": 4, ""category"": ""design_intent"", ""reasons"": [""low_sprite"", ""sprite_jump""], ""intent"": ""authored_dissolve""}, {""frame"": 5, ""category"": ""render_bug"", ""reasons"": [""low_sprite"", ""rig_cut_seam""], ""intent"": ""authored_dissolve""}]"
per-unit-2026-10-04,76/melee/skill,10,6341,9336.5,618,651.0,"[{""frame"": 1, ""category"": ""render_bug"", ""reasons"": [""foreground_jump"", ""rig_cut_seam""], ""intent"": null}, {""frame"": 2, ""category"": ""design_intent"", ""reasons"": [""foreground_jump""], ""intent"": ""effect_phase_transition""}, {""frame"": 3, ""category"": ""render_bug"", ""reasons"": [""rig_cut_seam""], ""intent"": null}, {""frame"": 4, ""category"": ""design_intent"", ""reasons"": [""foreground_jump""], ""intent"": ""effect_phase_transition""}, {""frame"": 5, ""category"": ""render_bug"", ""reasons"": [""foreground_jump"", ""rig_cut_seam""], ""intent"": null}, {""frame"": 6, ""category"": ""design_intent"", ""reasons"": [""foreground_jump""], ""intent"": ""effect_phase_transition""}, {""frame"": 7, ""category"": ""render_bug"", ""reasons"": [""rig_cut_seam""], ""intent"": null}]"
per-unit-2026-10-04,76/ranged/idle,8,4423,4464.0,653,670.0,"[{""frame"": 0, ""category"": ""render_bug"", ""reasons"": [""rig_cut_seam""], ""intent"": null}, {""frame"": 2, ""category"": ""render_bug"", ""reasons"": [""rig_cut_seam""], ""intent"": null}, {""frame"": 4, ""category"": ""render_bug"", ""reasons"": [""rig_cut_seam""], ""intent"": null}, {""frame"": 6, ""category"": ""render_bug"", ""reasons"": [""rig_cut_seam""], ""intent"": null}]"
per-unit-2026-10-04,76/ranged/walk,4,4307,4409.5,614,634.5,"[{""frame"": 1, ""category"": ""render_bug"", ""reasons"": [""rig_cut_seam""], ""intent"": null}, {""frame"": 3, ""category"": ""render_bug"", ""reasons"": [""rig_cut_seam""], ""intent"": null}]"
per-unit-2026-10-04,76/ranged/windup,4,4215,4290.0,616,651.0,"[{""frame"": 1, ""category"": ""render_bug"", ""reasons"": [""rig_cut_seam""], ""intent"": null}, {""frame"": 3, ""category"": ""render_bug"", ""reasons"": [""rig_cut_seam""], ""intent"": null}]"
per-unit-2026-10-04,76/ranged/strike,5,4433,4921,618,651,"[{""frame"": 1, ""category"": ""render_bug"", ""reasons"": [""rig_cut_seam""], ""intent"": null}, {""frame"": 3, ""category"": ""render_bug"", ""reasons"": [""rig_cut_seam""], ""intent"": null}]"
per-unit-2026-10-04,76/ranged/hit,3,5349,5443,668,668,"[{""frame"": 0, ""category"": ""render_bug"", ""reasons"": [""rig_cut_seam""], ""intent"": null}, {""frame"": 2, ""category"": ""render_bug"", ""reasons"": [""rig_cut_seam""], ""intent"": null}]"
per-unit-2026-10-04,76/ranged/death,6,3884,4141.5,79,293.0,"[{""frame"": 1, ""category"": ""render_bug"", ""reasons"": [""foreground_jump"", ""rig_cut_seam""], ""intent"": ""death_pose""}, {""frame"": 2, ""category"": ""design_intent"", ""reasons"": [""sprite_jump""], ""intent"": ""authored_dissolve""}, {""frame"": 3, ""category"": ""design_intent"", ""reasons"": [""sprite_jump""], ""intent"": ""authored_dissolve""}, {""frame"": 4, ""category"": ""design_intent"", ""reasons"": [""low_sprite"", ""sprite_jump""], ""intent"": ""authored_dissolve""}, {""frame"": 5, ""category"": ""render_bug"", ""reasons"": [""low_sprite"", ""rig_cut_seam""], ""intent"": ""authored_dissolve""}]"
per-unit-2026-10-04,76/ranged/skill,10,7050,7430.5,618,651.5,"[{""frame"": 1, ""category"": ""render_bug"", ""reasons"": [""rig_cut_seam""], ""intent"": null}, {""frame"": 3, ""category"": ""render_bug"", ""reasons"": [""rig_cut_seam""], ""intent"": null}, {""frame"": 4, ""category"": ""design_intent"", ""reasons"": [""foreground_jump""], ""intent"": ""effect_phase_transition""}, {""frame"": 5, ""category"": ""render_bug"", ""reasons"": [""foreground_jump"", ""rig_cut_seam""], ""intent"": null}, {""frame"": 6, ""category"": ""design_intent"", ""reasons"": [""foreground_jump""], ""intent"": ""effect_phase_transition""}, {""frame"": 7, ""category"": ""render_bug"", ""reasons"": [""rig_cut_seam""], ""intent"": null}]"
per-unit-2026-10-04,95/dummy/idle,8,4302,4361.0,503,513.0,"[{""frame"": 0, ""category"": ""render_bug"", ""reasons"": [""rig_cut_seam""], ""intent"": null}, {""frame"": 2, ""category"": ""render_bug"", ""reasons"": [""rig_cut_seam""], ""intent"": null}, {""frame"": 3, ""category"": ""render_bug"", ""reasons"": [""rig_cut_seam""], ""intent"": null}, {""frame"": 4, ""category"": ""render_bug"", ""reasons"": [""rig_cut_seam""], ""intent"": null}, {""frame"": 6, ""category"": ""render_bug"", ""reasons"": [""rig_cut_seam""], ""intent"": null}]"
per-unit-2026-10-04,95/dummy/walk,4,4229,4364.0,497,499.0,"[{""frame"": 0, ""category"": ""render_bug"", ""reasons"": [""rig_cut_seam""], ""intent"": null}, {""frame"": 2, ""category"": ""render_bug"", ""reasons"": [""rig_cut_seam""], ""intent"": null}]"
per-unit-2026-10-04,95/dummy/windup,3,4275,4371,459,501,"[{""frame"": 0, ""category"": ""render_bug"", ""reasons"": [""rig_cut_seam""], ""intent"": null}, {""frame"": 2, ""category"": ""render_bug"", ""reasons"": [""rig_cut_seam""], ""intent"": null}]"
per-unit-2026-10-04,95/dummy/strike,5,4364,4732,482,502,"[{""frame"": 1, ""category"": ""render_bug"", ""reasons"": [""rig_cut_seam""], ""intent"": null}, {""frame"": 3, ""category"": ""render_bug"", ""reasons"": [""rig_cut_seam""], ""intent"": null}, {""frame"": 4, ""category"": ""render_bug"", ""reasons"": [""rig_cut_seam""], ""intent"": null}]"
per-unit-2026-10-04,95/dummy/hit,3,4914,5004,503,509,"[{""frame"": 0, ""category"": ""render_bug"", ""reasons"": [""rig_cut_seam""], ""intent"": null}, {""frame"": 1, ""category"": ""render_bug"", ""reasons"": [""rig_cut_seam""], ""intent"": null}]"
per-unit-2026-10-04,95/dummy/death,6,3582,3884.5,55,232.5,"[{""frame"": 1, ""category"": ""render_bug"", ""reasons"": [""foreground_jump"", ""rig_cut_seam""], ""intent"": ""death_pose""}, {""frame"": 2, ""category"": ""render_bug"", ""reasons"": [""sprite_jump"", ""rig_cut_seam""], ""intent"": ""authored_dissolve""}, {""frame"": 3, ""category"": ""render_bug"", ""reasons"": [""sprite_jump"", ""rig_cut_seam""], ""intent"": ""authored_dissolve""}, {""frame"": 4, ""category"": ""design_intent"", ""reasons"": [""low_sprite"", ""sprite_jump""], ""intent"": ""authored_dissolve""}, {""frame"": 5, ""category"": ""render_bug"", ""reasons"": [""low_sprite"", ""rig_cut_seam""], ""intent"": ""authored_dissolve""}]"
per-unit-2026-10-04,95/dummy/skill,9,4331,5032,459,502,"[{""frame"": 0, ""category"": ""render_bug"", ""reasons"": [""rig_cut_seam""], ""intent"": null}, {""frame"": 1, ""category"": ""render_bug"", ""reasons"": [""rig_cut_seam""], ""intent"": null}, {""frame"": 2, ""category"": ""render_bug"", ""reasons"": [""rig_cut_seam""], ""intent"": null}, {""frame"": 3, ""category"": ""render_bug"", ""reasons"": [""foreground_jump"", ""rig_cut_seam""], ""intent"": null}, {""frame"": 4, ""category"": ""render_bug"", ""reasons"": [""foreground_jump"", ""rig_cut_seam""], ""intent"": null}, {""frame"": 5, ""category"": ""design_intent"", ""reasons"": [""foreground_jump""], ""intent"": ""effect_phase_transition""}, {""frame"": 6, ""category"": ""render_bug"", ""reasons"": [""rig_cut_seam""], ""intent"": null}, {""frame"": 7, ""category"": ""render_bug"", ""reasons"": [""rig_cut_seam""], ""intent"": null}, {""frame"": 8, ""category"": ""render_bug"", ""reasons"": [""rig_cut_seam""], ""intent"": null}]"
per-unit-2026-10-04,95/melee/idle,8,4419,4465.0,503,513.0,"[{""frame"": 3, ""category"": ""render_bug"", ""reasons"": [""rig_cut_seam""], ""intent"": null}]"
per-unit-2026-10-04,95/melee/walk,4,4255,4307.5,497,499.0,"[{""frame"": 2, ""category"": ""render_bug"", ""reasons"": [""rig_cut_seam""], ""intent"": null}]"
per-unit-2026-10-04,95/melee/windup,3,4161,4214,459,501,"[{""frame"": 2, ""category"": ""render_bug"", ""reasons"": [""rig_cut_seam""], ""intent"": null}]"
per-unit-2026-10-04,95/melee/strike,5,4444,4942,482,502,"[{""frame"": 4, ""category"": ""render_bug"", ""reasons"": [""rig_cut_seam""], ""intent"": null}]"
per-unit-2026-10-04,95/melee/hit,3,4988,5103,513,513,[]
per-unit-2026-10-04,95/melee/death,6,3611,3958.5,55,232.5,"[{""frame"": 1, ""category"": ""design_intent"", ""reasons"": [""foreground_jump""], ""intent"": ""death_pose""}, {""frame"": 2, ""category"": ""render_bug"", ""reasons"": [""sprite_jump"", ""rig_cut_seam""], ""intent"": ""authored_dissolve""}, {""frame"": 3, ""category"": ""design_intent"", ""reasons"": [""sprite_jump""], ""intent"": ""authored_dissolve""}, {""frame"": 4, ""category"": ""design_intent"", ""reasons"": [""low_sprite"", ""sprite_jump""], ""intent"": ""authored_dissolve""}, {""frame"": 5, ""category"": ""design_intent"", ""reasons"": [""low_sprite""], ""intent"": ""authored_dissolve""}]"
per-unit-2026-10-04,95/melee/skill,9,6665,7994,459,512,"[{""frame"": 1, ""category"": ""design_intent"", ""reasons"": [""foreground_jump""], ""intent"": ""effect_phase_transition""}, {""frame"": 2, ""category"": ""render_bug"", ""reasons"": [""foreground_jump"", ""rig_cut_seam""], ""intent"": null}, {""frame"": 3, ""category"": ""design_intent"", ""reasons"": [""foreground_jump""], ""intent"": ""effect_phase_transition""}, {""frame"": 4, ""category"": ""design_intent"", ""reasons"": [""foreground_jump""], ""intent"": ""effect_phase_transition""}, {""frame"": 5, ""category"": ""design_intent"", ""reasons"": [""foreground_jump""], ""intent"": ""effect_phase_transition""}, {""frame"": 7, ""category"": ""render_bug"", ""reasons"": [""rig_cut_seam""], ""intent"": null}]"
per-unit-2026-10-04,95/ranged/idle,8,4259,4314.0,503,513.0,"[{""frame"": 3, ""category"": ""render_bug"", ""reasons"": [""rig_cut_seam""], ""intent"": null}]"
per-unit-2026-10-04,95/ranged/walk,4,4190,4246.0,497,499.0,"[{""frame"": 2, ""category"": ""render_bug"", ""reasons"": [""rig_cut_seam""], ""intent"": null}]"
per-unit-2026-10-04,95/ranged/windup,3,4157,4188,459,501,"[{""frame"": 2, ""category"": ""render_bug"", ""reasons"": [""rig_cut_seam""], ""intent"": null}]"
per-unit-2026-10-04,95/ranged/strike,5,4281,4704,482,502,"[{""frame"": 4, ""category"": ""render_bug"", ""reasons"": [""rig_cut_seam""], ""intent"": null}]"
per-unit-2026-10-04,95/ranged/hit,3,5185,5245,513,513,[]
per-unit-2026-10-04,95/ranged/death,6,3865,4080.0,55,232.5,"[{""frame"": 1, ""category"": ""design_intent"", ""reasons"": [""foreground_jump""], ""intent"": ""death_pose""}, {""frame"": 2, ""category"": ""render_bug"", ""reasons"": [""sprite_jump"", ""rig_cut_seam""], ""intent"": ""authored_dissolve""}, {""frame"": 3, ""category"": ""design_intent"", ""reasons"": [""sprite_jump""], ""intent"": ""authored_dissolve""}, {""frame"": 4, ""category"": ""design_intent"", ""reasons"": [""low_sprite"", ""sprite_jump""], ""intent"": ""authored_dissolve""}, {""frame"": 5, ""category"": ""design_intent"", ""reasons"": [""low_sprite""], ""intent"": ""authored_dissolve""}]"
per-unit-2026-10-04,95/ranged/skill,9,6981,12581,459,502,"[{""frame"": 1, ""category"": ""design_intent"", ""reasons"": [""foreground_jump""], ""intent"": ""effect_phase_transition""}, {""frame"": 2, ""category"": ""render_bug"", ""reasons"": [""rig_cut_seam""], ""intent"": null}, {""frame"": 3, ""category"": ""design_intent"", ""reasons"": [""foreground_jump""], ""intent"": ""effect_phase_transition""}, {""frame"": 6, ""category"": ""design_intent"", ""reasons"": [""foreground_jump""], ""intent"": ""effect_phase_transition""}, {""frame"": 7, ""category"": ""render_bug"", ""reasons"": [""foreground_jump"", ""rig_cut_seam""], ""intent"": null}]"
per-unit-2026-10-04,18/dummy/idle,8,4152,4212.0,401,415.5,"[{""frame"": 0, ""category"": ""render_bug"", ""reasons"": [""rig_cut_seam""], ""intent"": null}, {""frame"": 2, ""category"": ""render_bug"", ""reasons"": [""rig_cut_seam""], ""intent"": null}, {""frame"": 3, ""category"": ""render_bug"", ""reasons"": [""rig_cut_seam""], ""intent"": null}, {""frame"": 4, ""category"": ""render_bug"", ""reasons"": [""rig_cut_seam""], ""intent"": null}, {""frame"": 6, ""category"": ""render_bug"", ""reasons"": [""rig_cut_seam""], ""intent"": null}]"
per-unit-2026-10-04,18/dummy/walk,4,4157,4257.5,389,404.5,"[{""frame"": 0, ""category"": ""render_bug"", ""reasons"": [""rig_cut_seam""], ""intent"": null}, {""frame"": 1, ""category"": ""render_bug"", ""reasons"": [""rig_cut_seam""], ""intent"": null}, {""frame"": 2, ""category"": ""render_bug"", ""reasons"": [""rig_cut_seam""], ""intent"": null}, {""frame"": 3, ""category"": ""render_bug"", ""reasons"": [""rig_cut_seam""], ""intent"": null}]"
per-unit-2026-10-04,18/dummy/windup,2,4172,4218.0,373,385.5,"[{""frame"": 0, ""category"": ""render_bug"", ""reasons"": [""rig_cut_seam""], ""intent"": null}, {""frame"": 1, ""category"": ""render_bug"", ""reasons"": [""rig_cut_seam""], ""intent"": null}]"
per-unit-2026-10-04,18/dummy/strike,5,4306,4836,396,409,"[{""frame"": 0, ""category"": ""render_bug"", ""reasons"": [""rig_cut_seam""], ""intent"": null}, {""frame"": 1, ""category"": ""render_bug"", ""reasons"": [""rig_cut_seam""], ""intent"": null}, {""frame"": 2, ""category"": ""render_bug"", ""reasons"": [""rig_cut_seam""], ""intent"": null}, {""frame"": 3, ""category"": ""render_bug"", ""reasons"": [""rig_cut_seam""], ""intent"": null}, {""frame"": 4, ""category"": ""render_bug"", ""reasons"": [""rig_cut_seam""], ""intent"": null}]"
per-unit-2026-10-04,18/dummy/hit,3,4807,4979,377,434,"[{""frame"": 0, ""category"": ""render_bug"", ""reasons"": [""rig_cut_seam""], ""intent"": null}, {""frame"": 1, ""category"": ""render_bug"", ""reasons"": [""rig_cut_seam""], ""intent"": null}]"
per-unit-2026-10-04,18/dummy/death,6,3593,3862.5,74,218.0,"[{""frame"": 1, ""category"": ""render_bug"", ""reasons"": [""foreground_jump"", ""sprite_jump"", ""rig_cut_seam""], ""intent"": ""authored_dissolve""}, {""frame"": 2, ""category"": ""render_bug"", ""reasons"": [""rig_cut_seam""], ""intent"": ""authored_dissolve""}, {""frame"": 3, ""category"": ""render_bug"", ""reasons"": [""sprite_jump"", ""rig_cut_seam""], ""intent"": ""authored_dissolve""}, {""frame"": 4, ""category"": ""design_intent"", ""reasons"": [""low_sprite"", ""sprite_jump""], ""intent"": ""authored_dissolve""}, {""frame"": 5, ""category"": ""render_bug"", ""reasons"": [""low_sprite"", ""rig_cut_seam""], ""intent"": ""authored_dissolve""}]"
per-unit-2026-10-04,18/dummy/skill,8,4279,5181.0,373,405.5,"[{""frame"": 0, ""category"": ""render_bug"", ""reasons"": [""rig_cut_seam""], ""intent"": null}, {""frame"": 1, ""category"": ""render_bug"", ""reasons"": [""rig_cut_seam""], ""intent"": null}, {""frame"": 2, ""category"": ""render_bug"", ""reasons"": [""foreground_jump"", ""rig_cut_seam""], ""intent"": null}, {""frame"": 3, ""category"": ""render_bug"", ""reasons"": [""foreground_jump"", ""rig_cut_seam""], ""intent"": null}, {""frame"": 4, ""category"": ""render_bug"", ""reasons"": [""foreground_jump"", ""rig_cut_seam""], ""intent"": null}, {""frame"": 5, ""category"": ""render_bug"", ""reasons"": [""rig_cut_seam""], ""intent"": null}, {""frame"": 6, ""category"": ""render_bug"", ""reasons"": [""rig_cut_seam""], ""intent"": null}]"
per-unit-2026-10-04,18/melee/idle,8,4308,4356.0,401,415.5,"[{""frame"": 0, ""category"": ""render_bug"", ""reasons"": [""rig_cut_seam""], ""intent"": null}, {""frame"": 2, ""category"": ""render_bug"", ""reasons"": [""rig_cut_seam""], ""intent"": null}, {""frame"": 3, ""category"": ""render_bug"", ""reasons"": [""rig_cut_seam""], ""intent"": null}, {""frame"": 4, ""category"": ""render_bug"", ""reasons"": [""rig_cut_seam""], ""intent"": null}, {""frame"": 6, ""category"": ""render_bug"", ""reasons"": [""rig_cut_seam""], ""intent"": null}]"
per-unit-2026-10-04,18/melee/walk,4,4127,4229.0,389,404.5,"[{""frame"": 1, ""category"": ""render_bug"", ""reasons"": [""rig_cut_seam""], ""intent"": null}, {""frame"": 2, ""category"": ""render_bug"", ""reasons"": [""rig_cut_seam""], ""intent"": null}, {""frame"": 3, ""category"": ""render_bug"", ""reasons"": [""rig_cut_seam""], ""intent"": null}]"
per-unit-2026-10-04,18/melee/windup,2,4049,4053.5,373,385.5,"[{""frame"": 1, ""category"": ""render_bug"", ""reasons"": [""rig_cut_seam""], ""intent"": null}]"
per-unit-2026-10-04,18/melee/strike,5,4344,4977,396,409,"[{""frame"": 1, ""category"": ""render_bug"", ""reasons"": [""rig_cut_seam""], ""intent"": null}, {""frame"": 3, ""category"": ""render_bug"", ""reasons"": [""rig_cut_seam""], ""intent"": null}, {""frame"": 4, ""category"": ""render_bug"", ""reasons"": [""rig_cut_seam""], ""intent"": null}]"
per-unit-2026-10-04,18/melee/hit,3,5051,5085,395,404,"[{""frame"": 1, ""category"": ""render_bug"", ""reasons"": [""rig_cut_seam""], ""intent"": null}]"
per-unit-2026-10-04,18/melee/death,6,3646,3941.5,74,218.0,"[{""frame"": 1, ""category"": ""render_bug"", ""reasons"": [""foreground_jump"", ""sprite_jump"", ""rig_cut_seam""], ""intent"": ""authored_dissolve""}, {""frame"": 2, ""category"": ""render_bug"", ""reasons"": [""rig_cut_seam""], ""intent"": ""authored_dissolve""}, {""frame"": 3, ""category"": ""render_bug"", ""reasons"": [""sprite_jump"", ""rig_cut_seam""], ""intent"": ""authored_dissolve""}, {""frame"": 4, ""category"": ""design_intent"", ""reasons"": [""low_sprite"", ""sprite_jump""], ""intent"": ""authored_dissolve""}, {""frame"": 5, ""category"": ""render_bug"", ""reasons"": [""low_sprite"", ""rig_cut_seam""], ""intent"": ""authored_dissolve""}]"
per-unit-2026-10-04,18/melee/skill,8,5559,6537.0,359,399.0,"[{""frame"": 1, ""category"": ""render_bug"", ""reasons"": [""rig_cut_seam""], ""intent"": null}, {""frame"": 2, ""category"": ""design_intent"", ""reasons"": [""foreground_jump""], ""intent"": ""effect_phase_transition""}, {""frame"": 3, ""category"": ""render_bug"", ""reasons"": [""foreground_jump"", ""rig_cut_seam""], ""intent"": null}, {""frame"": 4, ""category"": ""design_intent"", ""reasons"": [""foreground_jump""], ""intent"": ""effect_phase_transition""}, {""frame"": 5, ""category"": ""render_bug"", ""reasons"": [""rig_cut_seam""], ""intent"": null}, {""frame"": 6, ""category"": ""render_bug"", ""reasons"": [""rig_cut_seam""], ""intent"": null}, {""frame"": 7, ""category"": ""render_bug"", ""reasons"": [""rig_cut_seam""], ""intent"": null}]"
per-unit-2026-10-04,18/ranged/idle,8,4148,4188.5,401,415.5,"[{""frame"": 0, ""category"": ""render_bug"", ""reasons"": [""rig_cut_seam""], ""intent"": null}, {""frame"": 2, ""category"": ""render_bug"", ""reasons"": [""rig_cut_seam""], ""intent"": null}, {""frame"": 3, ""category"": ""render_bug"", ""reasons"": [""rig_cut_seam""], ""intent"": null}, {""frame"": 4, ""category"": ""render_bug"", ""reasons"": [""rig_cut_seam""], ""intent"": null}, {""frame"": 6, ""category"": ""render_bug"", ""reasons"": [""rig_cut_seam""], ""intent"": null}]"
per-unit-2026-10-04,18/ranged/walk,4,4115,4141.0,389,404.5,"[{""frame"": 1, ""category"": ""render_bug"", ""reasons"": [""rig_cut_seam""], ""intent"": null}, {""frame"": 2, ""category"": ""render_bug"", ""reasons"": [""rig_cut_seam""], ""intent"": null}, {""frame"": 3, ""category"": ""render_bug"", ""reasons"": [""rig_cut_seam""], ""intent"": null}]"
per-unit-2026-10-04,18/ranged/windup,2,4024,4039.0,373,385.5,"[{""frame"": 1, ""category"": ""render_bug"", ""reasons"": [""rig_cut_seam""], ""intent"": null}]"
per-unit-2026-10-04,18/ranged/strike,5,4167,4746,396,409,"[{""frame"": 1, ""category"": ""render_bug"", ""reasons"": [""rig_cut_seam""], ""intent"": null}, {""frame"": 3, ""category"": ""render_bug"", ""reasons"": [""rig_cut_seam""], ""intent"": null}, {""frame"": 4, ""category"": ""render_bug"", ""reasons"": [""rig_cut_seam""], ""intent"": null}]"
per-unit-2026-10-04,18/ranged/hit,3,5098,5261,372,401,"[{""frame"": 0, ""category"": ""render_bug"", ""reasons"": [""rig_cut_seam""], ""intent"": null}, {""frame"": 2, ""category"": ""render_bug"", ""reasons"": [""rig_cut_seam""], ""intent"": null}]"
per-unit-2026-10-04,18/ranged/death,6,3890,4063.0,74,218.0,"[{""frame"": 1, ""category"": ""render_bug"", ""reasons"": [""foreground_jump"", ""sprite_jump"", ""rig_cut_seam""], ""intent"": ""authored_dissolve""}, {""frame"": 2, ""category"": ""render_bug"", ""reasons"": [""rig_cut_seam""], ""intent"": ""authored_dissolve""}, {""frame"": 3, ""category"": ""render_bug"", ""reasons"": [""sprite_jump"", ""rig_cut_seam""], ""intent"": ""authored_dissolve""}, {""frame"": 4, ""category"": ""design_intent"", ""reasons"": [""low_sprite"", ""sprite_jump""], ""intent"": ""authored_dissolve""}, {""frame"": 5, ""category"": ""render_bug"", ""reasons"": [""low_sprite"", ""rig_cut_seam""], ""intent"": ""authored_dissolve""}]"
per-unit-2026-10-04,18/ranged/skill,8,8326,14856.0,359,385.0,"[{""frame"": 1, ""category"": ""render_bug"", ""reasons"": [""foreground_jump"", ""rig_cut_seam""], ""intent"": null}, {""frame"": 2, ""category"": ""design_intent"", ""reasons"": [""foreground_jump""], ""intent"": ""effect_phase_transition""}, {""frame"": 3, ""category"": ""render_bug"", ""reasons"": [""foreground_jump"", ""rig_cut_seam""], ""intent"": null}, {""frame"": 4, ""category"": ""design_intent"", ""reasons"": [""foreground_jump""], ""intent"": ""effect_phase_transition""}, {""frame"": 5, ""category"": ""render_bug"", ""reasons"": [""foreground_jump"", ""rig_cut_seam""], ""intent"": null}, {""frame"": 6, ""category"": ""render_bug"", ""reasons"": [""foreground_jump"", ""rig_cut_seam""], ""intent"": null}, {""frame"": 7, ""category"": ""render_bug"", ""reasons"": [""foreground_jump"", ""rig_cut_seam""], ""intent"": null}]"
per-unit-2026-10-04,26/dummy/idle,8,4328,4366.0,537,545.5,"[{""frame"": 0, ""category"": ""render_bug"", ""reasons"": [""rig_cut_seam""], ""intent"": null}, {""frame"": 2, ""category"": ""render_bug"", ""reasons"": [""rig_cut_seam""], ""intent"": null}, {""frame"": 3, ""category"": ""render_bug"", ""reasons"": [""rig_cut_seam""], ""intent"": null}, {""frame"": 4, ""category"": ""render_bug"", ""reasons"": [""rig_cut_seam""], ""intent"": null}, {""frame"": 6, ""category"": ""render_bug"", ""reasons"": [""rig_cut_seam""], ""intent"": null}]"
per-unit-2026-10-04,26/dummy/walk,4,4238,4441.5,520,530.0,"[{""frame"": 0, ""category"": ""render_bug"", ""reasons"": [""rig_cut_seam""], ""intent"": null}, {""frame"": 1, ""category"": ""render_bug"", ""reasons"": [""rig_cut_seam""], ""intent"": null}, {""frame"": 2, ""category"": ""render_bug"", ""reasons"": [""rig_cut_seam""], ""intent"": null}, {""frame"": 3, ""category"": ""render_bug"", ""reasons"": [""rig_cut_seam""], ""intent"": null}]"
per-unit-2026-10-04,26/dummy/windup,3,4278,4415,529,532,"[{""frame"": 0, ""category"": ""render_bug"", ""reasons"": [""rig_cut_seam""], ""intent"": null}, {""frame"": 1, ""category"": ""render_bug"", ""reasons"": [""rig_cut_seam""], ""intent"": null}, {""frame"": 2, ""category"": ""render_bug"", ""reasons"": [""rig_cut_seam""], ""intent"": null}]"
per-unit-2026-10-04,26/dummy/strike,5,4449,4861,518,538,"[{""frame"": 1, ""category"": ""render_bug"", ""reasons"": [""rig_cut_seam""], ""intent"": null}, {""frame"": 3, ""category"": ""render_bug"", ""reasons"": [""rig_cut_seam""], ""intent"": null}, {""frame"": 4, ""category"": ""render_bug"", ""reasons"": [""rig_cut_seam""], ""intent"": null}]"
per-unit-2026-10-04,26/dummy/hit,3,4980,5040,526,540,"[{""frame"": 0, ""category"": ""render_bug"", ""reasons"": [""rig_cut_seam""], ""intent"": null}, {""frame"": 1, ""category"": ""render_bug"", ""reasons"": [""rig_cut_seam""], ""intent"": null}]"
per-unit-2026-10-04,26/dummy/death,6,3623,3938.0,102,293.5,"[{""frame"": 1, ""category"": ""render_bug"", ""reasons"": [""foreground_jump"", ""sprite_jump"", ""rig_cut_seam""], ""intent"": ""authored_dissolve""}, {""frame"": 2, ""category"": ""render_bug"", ""reasons"": [""rig_cut_seam""], ""intent"": ""authored_dissolve""}, {""frame"": 3, ""category"": ""render_bug"", ""reasons"": [""sprite_jump"", ""rig_cut_seam""], ""intent"": ""authored_dissolve""}, {""frame"": 4, ""category"": ""design_intent"", ""reasons"": [""low_sprite"", ""sprite_jump""], ""intent"": ""authored_dissolve""}, {""frame"": 5, ""category"": ""render_bug"", ""reasons"": [""low_sprite"", ""rig_cut_seam""], ""intent"": ""authored_dissolve""}]"
per-unit-2026-10-04,26/dummy/skill,9,4547,5443,518,532,"[{""frame"": 0, ""category"": ""render_bug"", ""reasons"": [""rig_cut_seam""], ""intent"": null}, {""frame"": 1, ""category"": ""render_bug"", ""reasons"": [""rig_cut_seam""], ""intent"": null}, {""frame"": 2, ""category"": ""render_bug"", ""reasons"": [""rig_cut_seam""], ""intent"": null}, {""frame"": 3, ""category"": ""design_intent"", ""reasons"": [""foreground_jump""], ""intent"": ""effect_phase_transition""}, {""frame"": 4, ""category"": ""render_bug"", ""reasons"": [""rig_cut_seam""], ""intent"": null}, {""frame"": 5, ""category"": ""design_intent"", ""reasons"": [""foreground_jump""], ""intent"": ""effect_phase_transition""}, {""frame"": 6, ""category"": ""render_bug"", ""reasons"": [""rig_cut_seam""], ""intent"": null}, {""frame"": 7, ""category"": ""render_bug"", ""reasons"": [""rig_cut_seam""], ""intent"": null}, {""frame"": 8, ""category"": ""render_bug"", ""reasons"": [""rig_cut_seam""], ""intent"": null}]"
per-unit-2026-10-04,26/melee/idle,8,4469,4484.0,537,545.5,"[{""frame"": 0, ""category"": ""render_bug"", ""reasons"": [""rig_cut_seam""], ""intent"": null}, {""frame"": 2, ""category"": ""render_bug"", ""reasons"": [""rig_cut_seam""], ""intent"": null}, {""frame"": 3, ""category"": ""render_bug"", ""reasons"": [""rig_cut_seam""], ""intent"": null}, {""frame"": 4, ""category"": ""render_bug"", ""reasons"": [""rig_cut_seam""], ""intent"": null}, {""frame"": 6, ""category"": ""render_bug"", ""reasons"": [""rig_cut_seam""], ""intent"": null}]"
per-unit-2026-10-04,26/melee/walk,4,4305,4364.5,520,530.0,"[{""frame"": 1, ""category"": ""render_bug"", ""reasons"": [""rig_cut_seam""], ""intent"": null}, {""frame"": 2, ""category"": ""render_bug"", ""reasons"": [""rig_cut_seam""], ""intent"": null}, {""frame"": 3, ""category"": ""render_bug"", ""reasons"": [""rig_cut_seam""], ""intent"": null}]"
per-unit-2026-10-04,26/melee/windup,3,4164,4235,529,532,"[{""frame"": 1, ""category"": ""render_bug"", ""reasons"": [""rig_cut_seam""], ""intent"": null}, {""frame"": 2, ""category"": ""render_bug"", ""reasons"": [""rig_cut_seam""], ""intent"": null}]"
per-unit-2026-10-04,26/melee/strike,5,4496,5062,518,538,"[{""frame"": 1, ""category"": ""render_bug"", ""reasons"": [""rig_cut_seam""], ""intent"": null}, {""frame"": 3, ""category"": ""render_bug"", ""reasons"": [""rig_cut_seam""], ""intent"": null}, {""frame"": 4, ""category"": ""render_bug"", ""reasons"": [""rig_cut_seam""], ""intent"": null}]"
per-unit-2026-10-04,26/melee/hit,3,5169,5191,516,542,"[{""frame"": 1, ""category"": ""render_bug"", ""reasons"": [""rig_cut_seam""], ""intent"": null}]"
per-unit-2026-10-04,26/melee/death,6,3674,4010.5,102,293.5,"[{""frame"": 1, ""category"": ""render_bug"", ""reasons"": [""foreground_jump"", ""sprite_jump"", ""rig_cut_seam""], ""intent"": ""authored_dissolve""}, {""frame"": 2, ""category"": ""render_bug"", ""reasons"": [""rig_cut_seam""], ""intent"": ""authored_dissolve""}, {""frame"": 3, ""category"": ""design_intent"", ""reasons"": [""sprite_jump""], ""intent"": ""authored_dissolve""}, {""frame"": 4, ""category"": ""design_intent"", ""reasons"": [""low_sprite"", ""sprite_jump""], ""intent"": ""authored_dissolve""}, {""frame"": 5, ""category"": ""render_bug"", ""reasons"": [""low_sprite"", ""rig_cut_seam""], ""intent"": ""authored_dissolve""}]"
per-unit-2026-10-04,26/melee/skill,9,5585,6984,480,525,"[{""frame"": 1, ""category"": ""render_bug"", ""reasons"": [""rig_cut_seam""], ""intent"": null}, {""frame"": 2, ""category"": ""render_bug"", ""reasons"": [""rig_cut_seam""], ""intent"": null}, {""frame"": 3, ""category"": ""design_intent"", ""reasons"": [""foreground_jump""], ""intent"": ""effect_phase_transition""}, {""frame"": 4, ""category"": ""render_bug"", ""reasons"": [""foreground_jump"", ""rig_cut_seam""], ""intent"": null}, {""frame"": 5, ""category"": ""design_intent"", ""reasons"": [""foreground_jump""], ""intent"": ""effect_phase_transition""}, {""frame"": 6, ""category"": ""render_bug"", ""reasons"": [""rig_cut_seam""], ""intent"": null}, {""frame"": 7, ""category"": ""render_bug"", ""reasons"": [""rig_cut_seam""], ""intent"": null}]"
per-unit-2026-10-04,26/ranged/idle,8,4310,4324.0,537,545.5,"[{""frame"": 0, ""category"": ""render_bug"", ""reasons"": [""rig_cut_seam""], ""intent"": null}, {""frame"": 2, ""category"": ""render_bug"", ""reasons"": [""rig_cut_seam""], ""intent"": null}, {""frame"": 3, ""category"": ""render_bug"", ""reasons"": [""rig_cut_seam""], ""intent"": null}, {""frame"": 4, ""category"": ""render_bug"", ""reasons"": [""rig_cut_seam""], ""intent"": null}, {""frame"": 6, ""category"": ""render_bug"", ""reasons"": [""rig_cut_seam""], ""intent"": null}]"
per-unit-2026-10-04,26/ranged/walk,4,4199,4323.5,520,530.0,"[{""frame"": 1, ""category"": ""render_bug"", ""reasons"": [""rig_cut_seam""], ""intent"": null}, {""frame"": 2, ""category"": ""render_bug"", ""reasons"": [""rig_cut_seam""], ""intent"": null}, {""frame"": 3, ""category"": ""render_bug"", ""reasons"": [""rig_cut_seam""], ""intent"": null}]"
per-unit-2026-10-04,26/ranged/windup,3,4160,4209,529,532,"[{""frame"": 1, ""category"": ""render_bug"", ""reasons"": [""rig_cut_seam""], ""intent"": null}, {""frame"": 2, ""category"": ""render_bug"", ""reasons"": [""rig_cut_seam""], ""intent"": null}]"
per-unit-2026-10-04,26/ranged/strike,5,4306,4839,518,538,"[{""frame"": 1, ""category"": ""render_bug"", ""reasons"": [""rig_cut_seam""], ""intent"": null}, {""frame"": 3, ""category"": ""render_bug"", ""reasons"": [""rig_cut_seam""], ""intent"": null}, {""frame"": 4, ""category"": ""render_bug"", ""reasons"": [""rig_cut_seam""], ""intent"": null}]"
per-unit-2026-10-04,26/ranged/hit,3,5290,5318,525,528,"[{""frame"": 0, ""category"": ""render_bug"", ""reasons"": [""rig_cut_seam""], ""intent"": null}, {""frame"": 2, ""category"": ""render_bug"", ""reasons"": [""rig_cut_seam""], ""intent"": null}]"
per-unit-2026-10-04,26/ranged/death,6,3920,4133.5,102,293.5,"[{""frame"": 1, ""category"": ""render_bug"", ""reasons"": [""foreground_jump"", ""sprite_jump"", ""rig_cut_seam""], ""intent"": ""authored_dissolve""}, {""frame"": 2, ""category"": ""render_bug"", ""reasons"": [""rig_cut_seam""], ""intent"": ""authored_dissolve""}, {""frame"": 3, ""category"": ""design_intent"", ""reasons"": [""sprite_jump""], ""intent"": ""authored_dissolve""}, {""frame"": 4, ""category"": ""design_intent"", ""reasons"": [""low_sprite"", ""sprite_jump""], ""intent"": ""authored_dissolve""}, {""frame"": 5, ""category"": ""render_bug"", ""reasons"": [""low_sprite"", ""rig_cut_seam""], ""intent"": ""authored_dissolve""}]"
per-unit-2026-10-04,26/ranged/skill,9,8460,15372,500,525,"[{""frame"": 1, ""category"": ""render_bug"", ""reasons"": [""rig_cut_seam""], ""intent"": null}, {""frame"": 2, ""category"": ""render_bug"", ""reasons"": [""foreground_jump"", ""rig_cut_seam""], ""intent"": null}, {""frame"": 3, ""category"": ""design_intent"", ""reasons"": [""foreground_jump""], ""intent"": ""effect_phase_transition""}, {""frame"": 4, ""category"": ""render_bug"", ""reasons"": [""foreground_jump"", ""rig_cut_seam""], ""intent"": null}, {""frame"": 5, ""category"": ""design_intent"", ""reasons"": [""foreground_jump""], ""intent"": ""effect_phase_transition""}, {""frame"": 6, ""category"": ""render_bug"", ""reasons"": [""foreground_jump"", ""rig_cut_seam""], ""intent"": null}, {""frame"": 7, ""category"": ""render_bug"", ""reasons"": [""foreground_jump"", ""rig_cut_seam""], ""intent"": null}, {""frame"": 8, ""category"": ""render_bug"", ""reasons"": [""foreground_jump"", ""rig_cut_seam""], ""intent"": null}]"
range-refined-2026-10-04,6/dummy/attack,12,4492,4602.0,659,692.0,[]
range-refined-2026-10-04,6/dummy/cast,16,4550,5192.0,659,692.0,"[{""frame"": 7, ""category"": ""design_intent"", ""reasons"": [""foreground_jump""], ""intent"": ""effect_phase_transition""}, {""frame"": 8, ""category"": ""design_intent"", ""reasons"": [""foreground_jump""], ""intent"": ""effect_phase_transition""}, {""frame"": 9, ""category"": ""design_intent"", ""reasons"": [""foreground_jump""], ""intent"": ""effect_phase_transition""}, {""frame"": 13, ""category"": ""design_intent"", ""reasons"": [""foreground_jump""], ""intent"": ""effect_phase_transition""}]"
range-refined-2026-10-04,6/dummy/move,16,4486,4547.0,659,692.0,[]
range-refined-2026-10-04,6/dummy/hit,24,4165,4666.5,659,692.0,[]
range-refined-2026-10-04,6/melee/attack,12,4440,5063.0,657,692.0,[]
range-refined-2026-10-04,6/melee/cast,16,4415,5260.0,657,692.0,"[{""frame"": 7, ""category"": ""design_intent"", ""reasons"": [""foreground_jump""], ""intent"": ""effect_phase_transition""}, {""frame"": 8, ""category"": ""design_intent"", ""reasons"": [""foreground_jump""], ""intent"": ""effect_phase_transition""}, {""frame"": 9, ""category"": ""design_intent"", ""reasons"": [""foreground_jump""], ""intent"": ""effect_phase_transition""}]"
range-refined-2026-10-04,6/melee/move,16,4266,4412.5,659,692.0,[]
range-refined-2026-10-04,6/melee/hit,12,4637,5020.0,657,692.0,[]
range-refined-2026-10-04,6/ranged/attack,12,4597,5412.5,659,692.0,[]
range-refined-2026-10-04,6/ranged/cast,16,6185,8987.0,666,692.0,"[{""frame"": 5, ""category"": ""design_intent"", ""reasons"": [""foreground_jump""], ""intent"": ""effect_phase_transition""}, {""frame"": 6, ""category"": ""design_intent"", ""reasons"": [""foreground_jump""], ""intent"": ""effect_phase_transition""}, {""frame"": 7, ""category"": ""design_intent"", ""reasons"": [""foreground_jump""], ""intent"": ""effect_phase_transition""}, {""frame"": 8, ""category"": ""design_intent"", ""reasons"": [""foreground_jump""], ""intent"": ""effect_phase_transition""}, {""frame"": 9, ""category"": ""design_intent"", ""reasons"": [""foreground_jump""], ""intent"": ""effect_phase_transition""}, {""frame"": 10, ""category"": ""design_intent"", ""reasons"": [""foreground_jump""], ""intent"": ""effect_phase_transition""}, {""frame"": 11, ""category"": ""design_intent"", ""reasons"": [""foreground_jump""], ""intent"": ""effect_phase_transition""}, {""frame"": 12, ""category"": ""design_intent"", ""reasons"": [""foreground_jump""], ""intent"": ""effect_phase_transition""}]"
range-refined-2026-10-04,6/ranged/move,16,4368,4395.0,659,692.0,[]
range-refined-2026-10-04,6/ranged/hit,12,4416,4966.0,659,692.0,[]
range-refined-2026-10-04,65/dummy/attack,12,4366,4472.5,522,548.0,[]
range-refined-2026-10-04,65/dummy/cast,16,4422,5149.0,521,548.5,"[{""frame"": 6, ""category"": ""design_intent"", ""reasons"": [""foreground_jump""], ""intent"": ""effect_phase_transition""}, {""frame"": 7, ""category"": ""design_intent"", ""reasons"": [""foreground_jump""], ""intent"": ""effect_phase_transition""}, {""frame"": 8, ""category"": ""design_intent"", ""reasons"": [""foreground_jump""], ""intent"": ""effect_phase_transition""}, {""frame"": 12, ""category"": ""design_intent"", ""reasons"": [""foreground_jump""], ""intent"": ""effect_phase_transition""}]"
range-refined-2026-10-04,65/dummy/move,16,4358,4413.0,522,548.0,[]
range-refined-2026-10-04,65/dummy/hit,24,4040,4528.5,522,548.0,[]
range-refined-2026-10-04,65/melee/attack,12,4331,4925.0,521,548.0,[]
range-refined-2026-10-04,65/melee/cast,16,4766,5661.5,522,548.5,"[{""frame"": 6, ""category"": ""design_intent"", ""reasons"": [""foreground_jump""], ""intent"": ""effect_phase_transition""}, {""frame"": 7, ""category"": ""design_intent"", ""reasons"": [""foreground_jump""], ""intent"": ""effect_phase_transition""}, {""frame"": 8, ""category"": ""design_intent"", ""reasons"": [""foreground_jump""], ""intent"": ""effect_phase_transition""}, {""frame"": 12, ""category"": ""design_intent"", ""reasons"": [""foreground_jump""], ""intent"": ""effect_phase_transition""}]"
range-refined-2026-10-04,65/melee/move,16,4132,4301.0,522,548.0,[]
range-refined-2026-10-04,65/melee/hit,12,4592,5037.5,521,548.0,[]
range-refined-2026-10-04,65/ranged/attack,12,4475,5311.5,522,548.0,[]
range-refined-2026-10-04,65/ranged/cast,18,3660,7044.5,0,549.0,"[{""frame"": 3, ""category"": ""design_intent"", ""reasons"": [""foreground_jump""], ""intent"": ""effect_phase_transition""}, {""frame"": 4, ""category"": ""design_intent"", ""reasons"": [""foreground_jump""], ""intent"": ""effect_phase_transition""}, {""frame"": 9, ""category"": ""design_intent"", ""reasons"": [""foreground_jump""], ""intent"": ""effect_phase_transition""}, {""frame"": 11, ""category"": ""design_intent"", ""reasons"": [""foreground_jump""], ""intent"": ""effect_phase_transition""}, {""frame"": 12, ""category"": ""design_intent"", ""reasons"": [""foreground_jump"", ""low_sprite"", ""sprite_jump""], ""intent"": ""death_removed""}, {""frame"": 13, ""category"": ""design_intent"", ""reasons"": [""low_sprite""], ""intent"": ""death_removed""}, {""frame"": 14, ""category"": ""design_intent"", ""reasons"": [""low_sprite""], ""intent"": ""death_removed""}, {""frame"": 15, ""category"": ""design_intent"", ""reasons"": [""low_sprite""], ""intent"": ""death_removed""}, {""frame"": 16, ""category"": ""design_intent"", ""reasons"": [""low_sprite""], ""intent"": ""death_removed""}, {""frame"": 17, ""category"": ""design_intent"", ""reasons"": [""low_sprite""], ""intent"": ""death_removed""}]"
range-refined-2026-10-04,65/ranged/move,16,4234,4264.0,522,548.0,[]
range-refined-2026-10-04,65/ranged/hit,12,4307,4850.0,522,548.0,[]
range-refined-2026-10-04,143/dummy/attack,12,4482,4648.5,608,645.0,[]
range-refined-2026-10-04,143/dummy/cast,16,4530,4599.0,553,645.0,"[{""frame"": 6, ""category"": ""design_intent"", ""reasons"": [""foreground_jump""], ""intent"": ""effect_phase_transition""}, {""frame"": 7, ""category"": ""design_intent"", ""reasons"": [""foreground_jump""], ""intent"": ""effect_phase_transition""}, {""frame"": 8, ""category"": ""design_intent"", ""reasons"": [""foreground_jump""], ""intent"": ""effect_phase_transition""}, {""frame"": 12, ""category"": ""design_intent"", ""reasons"": [""foreground_jump""], ""intent"": ""effect_phase_transition""}]"
range-refined-2026-10-04,143/dummy/move,14,4445,4519.5,608,634.5,[]
range-refined-2026-10-04,143/dummy/hit,16,4281,4786.0,608,649.5,[]
range-refined-2026-10-04,143/melee/attack,12,4736,5226.0,626,645.0,[]
range-refined-2026-10-04,143/melee/cast,16,5448,7791.0,553,645.0,"[{""frame"": 4, ""category"": ""design_intent"", ""reasons"": [""foreground_jump""], ""intent"": ""effect_phase_transition""}, {""frame"": 5, ""category"": ""design_intent"", ""reasons"": [""foreground_jump""], ""intent"": ""effect_phase_transition""}, {""frame"": 6, ""category"": ""design_intent"", ""reasons"": [""foreground_jump""], ""intent"": ""effect_phase_transition""}, {""frame"": 7, ""category"": ""design_intent"", ""reasons"": [""foreground_jump""], ""intent"": ""effect_phase_transition""}, {""frame"": 8, ""category"": ""design_intent"", ""reasons"": [""foreground_jump""], ""intent"": ""effect_phase_transition""}, {""frame"": 9, ""category"": ""design_intent"", ""reasons"": [""foreground_jump""], ""intent"": ""effect_phase_transition""}, {""frame"": 10, ""category"": ""design_intent"", ""reasons"": [""foreground_jump""], ""intent"": ""effect_phase_transition""}]"
range-refined-2026-10-04,143/melee/move,14,4269,4408.5,608,634.5,[]
range-refined-2026-10-04,143/melee/hit,12,4614,5127.0,626,645.0,[]
range-refined-2026-10-04,143/ranged/attack,12,4765,5633.0,618,646.0,[]
range-refined-2026-10-04,143/ranged/cast,16,5471,6773.5,529,649.5,"[{""frame"": 6, ""category"": ""design_intent"", ""reasons"": [""foreground_jump""], ""intent"": ""effect_phase_transition""}, {""frame"": 7, ""category"": ""design_intent"", ""reasons"": [""foreground_jump""], ""intent"": ""effect_phase_transition""}, {""frame"": 8, ""category"": ""design_intent"", ""reasons"": [""foreground_jump""], ""intent"": ""effect_phase_transition""}]"
range-refined-2026-10-04,143/ranged/move,14,4311,4394.0,608,634.5,[]
range-refined-2026-10-04,143/ranged/hit,12,4394,5044.5,613,650.5,[]
range-refined-2026-10-04,76/dummy/attack,12,4505,4687.0,556,673.5,[]
range-refined-2026-10-04,76/dummy/cast,16,4505,4740.5,556,677.5,"[{""frame"": 6, ""category"": ""design_intent"", ""reasons"": [""foreground_jump""], ""intent"": ""effect_phase_transition""}, {""frame"": 7, ""category"": ""design_intent"", ""reasons"": [""foreground_jump""], ""intent"": ""effect_phase_transition""}, {""frame"": 8, ""category"": ""design_intent"", ""reasons"": [""foreground_jump""], ""intent"": ""effect_phase_transition""}]"
range-refined-2026-10-04,76/dummy/move,15,4459,4568,664,682,[]
range-refined-2026-10-04,76/dummy/hit,20,4171,4630.5,564,672.0,[]
range-refined-2026-10-04,76/melee/attack,12,4409,5144.5,544,672.0,[]
range-refined-2026-10-04,76/melee/cast,16,4791,8011.0,544,672.0,"[{""frame"": 2, ""category"": ""design_intent"", ""reasons"": [""foreground_jump""], ""intent"": ""effect_phase_transition""}, {""frame"": 3, ""category"": ""design_intent"", ""reasons"": [""foreground_jump""], ""intent"": ""effect_phase_transition""}, {""frame"": 4, ""category"": ""design_intent"", ""reasons"": [""foreground_jump""], ""intent"": ""effect_phase_transition""}, {""frame"": 6, ""category"": ""design_intent"", ""reasons"": [""foreground_jump""], ""intent"": ""effect_phase_transition""}, {""frame"": 7, ""category"": ""design_intent"", ""reasons"": [""foreground_jump""], ""intent"": ""effect_phase_transition""}, {""frame"": 8, ""category"": ""design_intent"", ""reasons"": [""foreground_jump""], ""intent"": ""effect_phase_transition""}, {""frame"": 12, ""category"": ""design_intent"", ""reasons"": [""foreground_jump""], ""intent"": ""effect_phase_transition""}, {""frame"": 15, ""category"": ""design_intent"", ""reasons"": [""foreground_jump""], ""intent"": ""effect_phase_transition""}]"
range-refined-2026-10-04,76/melee/move,15,4274,4457,664,682,[]
range-refined-2026-10-04,76/melee/hit,12,4409,5047.0,544,672.0,[]
range-refined-2026-10-04,76/ranged/attack,12,4686,5491.5,585,673.5,[]
range-refined-2026-10-04,76/ranged/cast,16,4702,7010.5,564,672.0,"[{""frame"": 1, ""category"": ""design_intent"", ""reasons"": [""foreground_jump""], ""intent"": ""effect_phase_transition""}, {""frame"": 2, ""category"": ""design_intent"", ""reasons"": [""foreground_jump""], ""intent"": ""effect_phase_transition""}, {""frame"": 6, ""category"": ""design_intent"", ""reasons"": [""foreground_jump""], ""intent"": ""effect_phase_transition""}, {""frame"": 7, ""category"": ""design_intent"", ""reasons"": [""foreground_jump""], ""intent"": ""effect_phase_transition""}, {""frame"": 8, ""category"": ""design_intent"", ""reasons"": [""foreground_jump""], ""intent"": ""effect_phase_transition""}]"
range-refined-2026-10-04,76/ranged/move,15,4353,4410,664,682,[]
range-refined-2026-10-04,76/ranged/hit,12,4467,5047.5,664,678.5,[]
